,Position,Track Name,Artist,Streams,URL,acousticness,analysis_url,danceability,duration_ms,energy,id,instrumentalness,key,liveness,loudness,mode,speechiness,tempo,time_signature,track_href,type,uri,valence
0,1,Dynamite,BTS,1869289,https://open.spotify.com/track/0t1kP63rueHleOhQkYSXFY,0.0112,https://api.spotify.com/v1/audio-analysis/0t1kP63rueHleOhQkYSXFY,0.746,199054,0.765,0t1kP63rueHleOhQkYSXFY,0.0,6,0.0936,-4.41,0,0.0993,114.044,4,https://api.spotify.com/v1/tracks/0t1kP63rueHleOhQkYSXFY,audio_features,spotify:track:0t1kP63rueHleOhQkYSXFY,0.737
1,2,夜に駆ける,YOASOBI,1862246,https://open.spotify.com/track/3dPtXHP0oXQ4HCWHsOA9js,0.00231,https://api.spotify.com/v1/audio-analysis/3dPtXHP0oXQ4HCWHsOA9js,0.67,261013,0.874,3dPtXHP0oXQ4HCWHsOA9js,1.72e-05,8,0.3,-5.221,1,0.0305,130.041,4,https://api.spotify.com/v1/tracks/3dPtXHP0oXQ4HCWHsOA9js,audio_features,spotify:track:3dPtXHP0oXQ4HCWHsOA9js,0.789
2,3,裸の心,Aimyon,1451140,https://open.spotify.com/track/4Jv7U0JJpbQnOrjtDwDZTZ,0.537,https://api.spotify.com/v1/audio-analysis/4Jv7U0JJpbQnOrjtDwDZTZ,0.559,296653,0.448,4Jv7U0JJpbQnOrjtDwDZTZ,1.85e-05,8,0.0915,-4.11,1,0.0275,148.02,4,https://api.spotify.com/v1/tracks/4Jv7U0JJpbQnOrjtDwDZTZ,audio_features,spotify:track:4Jv7U0JJpbQnOrjtDwDZTZ,0.354
3,4,香水,Eito,1426368,https://open.spotify.com/track/2iOvMtA1u9s95NF6mJDOuT,0.824,https://api.spotify.com/v1/audio-analysis/2iOvMtA1u9s95NF6mJDOuT,0.848,252594,0.352,2iOvMtA1u9s95NF6mJDOuT,0.0,3,0.0906,-6.838,1,0.041,121.833,4,https://api.spotify.com/v1/tracks/2iOvMtA1u9s95NF6mJDOuT,audio_features,spotify:track:2iOvMtA1u9s95NF6mJDOuT,0.776
4,5,Make you happy,NiziU,1383687,https://open.spotify.com/track/4FrxgrNbNrdfq8093JaEJf,0.0436,https://api.spotify.com/v1/audio-analysis/4FrxgrNbNrdfq8093JaEJf,0.78,184521,0.885,4FrxgrNbNrdfq8093JaEJf,2.8e-05,7,0.105,-3.745,1,0.122,160.087,4,https://api.spotify.com/v1/tracks/4FrxgrNbNrdfq8093JaEJf,audio_features,spotify:track:4FrxgrNbNrdfq8093JaEJf,0.808
5,6,感電,Kenshi Yonezu,1247957,https://open.spotify.com/track/1rd3RSjrOShIUG8rG9FvDI,0.107,https://api.spotify.com/v1/audio-analysis/1rd3RSjrOShIUG8rG9FvDI,0.633,264533,0.723,1rd3RSjrOShIUG8rG9FvDI,0.0,8,0.0818,-5.733,0,0.143,103.101,4,https://api.spotify.com/v1/tracks/1rd3RSjrOShIUG8rG9FvDI,audio_features,spotify:track:1rd3RSjrOShIUG8rG9FvDI,0.688
6,7,猫 〜THE FIRST TAKE ver.〜,DISH//,1212255,https://open.spotify.com/track/6F0aYmicNttntvth7FXQEx,0.564,https://api.spotify.com/v1/audio-analysis/6F0aYmicNttntvth7FXQEx,0.641,273233,0.576,6F0aYmicNttntvth7FXQEx,0.0,8,0.114,-6.772,1,0.139,77.005,4,https://api.spotify.com/v1/tracks/6F0aYmicNttntvth7FXQEx,audio_features,spotify:track:6F0aYmicNttntvth7FXQEx,0.622
7,8,I Love...,Official HIGE DANdism,1143917,https://open.spotify.com/track/4pRqq3MwcqitKqNO8rOrOb,0.0171,https://api.spotify.com/v1/audio-analysis/4pRqq3MwcqitKqNO8rOrOb,0.54,282027,0.706,4pRqq3MwcqitKqNO8rOrOb,0.0,9,0.225,-5.235,1,0.0543,172.021,4,https://api.spotify.com/v1/tracks/4pRqq3MwcqitKqNO8rOrOb,audio_features,spotify:track:4pRqq3MwcqitKqNO8rOrOb,0.385
8,9,Pretender,Official HIGE DANdism,1114066,https://open.spotify.com/track/15HNdxGKNCIO9pgaY4n7FU,0.047,https://api.spotify.com/v1/audio-analysis/15HNdxGKNCIO9pgaY4n7FU,0.538,326843,0.869,15HNdxGKNCIO9pgaY4n7FU,0.0,8,0.14,-3.464,1,0.0275,91.972,4,https://api.spotify.com/v1/tracks/15HNdxGKNCIO9pgaY4n7FU,audio_features,spotify:track:15HNdxGKNCIO9pgaY4n7FU,0.369
9,10,115万キロのフィルム,Official HIGE DANdism,1107254,https://open.spotify.com/track/278JqkBGkjDovOYAwE8TW7,0.00345,https://api.spotify.com/v1/audio-analysis/278JqkBGkjDovOYAwE8TW7,0.516,324633,0.791,278JqkBGkjDovOYAwE8TW7,0.0,3,0.141,-1.927,1,0.0318,96.921,4,https://api.spotify.com/v1/tracks/278JqkBGkjDovOYAwE8TW7,audio_features,spotify:track:278JqkBGkjDovOYAwE8TW7,0.48
10,11,白日,King Gnu,1000641,https://open.spotify.com/track/4wel6DQu0dMVBRVn2ZTPoy,0.562,https://api.spotify.com/v1/audio-analysis/4wel6DQu0dMVBRVn2ZTPoy,0.605,276373,0.891,4wel6DQu0dMVBRVn2ZTPoy,0.0,1,0.322,-3.242,1,0.115,93.011,4,https://api.spotify.com/v1/tracks/4wel6DQu0dMVBRVn2ZTPoy,audio_features,spotify:track:4wel6DQu0dMVBRVn2ZTPoy,0.697
11,12,Laughter,Official HIGE DANdism,993100,https://open.spotify.com/track/1SdwlHsv8bWHbAlIw5Jfgo,0.023,https://api.spotify.com/v1/audio-analysis/1SdwlHsv8bWHbAlIw5Jfgo,0.396,350300,0.801,1SdwlHsv8bWHbAlIw5Jfgo,0.0,4,0.138,-4.673,1,0.035,159.769,4,https://api.spotify.com/v1/tracks/1SdwlHsv8bWHbAlIw5Jfgo,audio_features,spotify:track:1SdwlHsv8bWHbAlIw5Jfgo,0.366
12,13,snow jam,Rin音,979173,https://open.spotify.com/track/6uUtmCz8XXep7n1QmC1jJG,0.185,https://api.spotify.com/v1/audio-analysis/6uUtmCz8XXep7n1QmC1jJG,0.583,185379,0.627,6uUtmCz8XXep7n1QmC1jJG,0.0,1,0.159,-5.842,1,0.201,172.016,4,https://api.spotify.com/v1/tracks/6uUtmCz8XXep7n1QmC1jJG,audio_features,spotify:track:6uUtmCz8XXep7n1QmC1jJG,0.805
13,14,Walking with you,Novelbright,952639,https://open.spotify.com/track/7tGDXCPLpAScEwmqab9YZd,0.00585,https://api.spotify.com/v1/audio-analysis/7tGDXCPLpAScEwmqab9YZd,0.422,223187,0.969,7tGDXCPLpAScEwmqab9YZd,0.0,7,0.533,-0.824,1,0.0591,92.524,4,https://api.spotify.com/v1/tracks/7tGDXCPLpAScEwmqab9YZd,audio_features,spotify:track:7tGDXCPLpAScEwmqab9YZd,0.496
14,15,キンモクセイ,オレンジスパイニクラブ,945833,https://open.spotify.com/track/4KyCrwLEWoGHJwobxc55oe,0.0991,https://api.spotify.com/v1/audio-analysis/4KyCrwLEWoGHJwobxc55oe,0.554,231436,0.761,4KyCrwLEWoGHJwobxc55oe,0.0,5,0.145,-3.937,1,0.034,105.041,4,https://api.spotify.com/v1/tracks/4KyCrwLEWoGHJwobxc55oe,audio_features,spotify:track:4KyCrwLEWoGHJwobxc55oe,0.327
15,16,群青,YOASOBI,937535,https://open.spotify.com/track/0T4AitQuq8IJhWBWuZwkFA,0.321,https://api.spotify.com/v1/audio-analysis/0T4AitQuq8IJhWBWuZwkFA,0.719,248444,0.87,0T4AitQuq8IJhWBWuZwkFA,0.0,10,0.187,-3.073,1,0.0472,134.979,4,https://api.spotify.com/v1/tracks/0T4AitQuq8IJhWBWuZwkFA,audio_features,spotify:track:0T4AitQuq8IJhWBWuZwkFA,0.732
16,17,春を告げる,yama,933687,https://open.spotify.com/track/2Gmyw5Vg2X5YW2lM3OC7nD,0.0397,https://api.spotify.com/v1/audio-analysis/2Gmyw5Vg2X5YW2lM3OC7nD,0.548,196497,0.871,2Gmyw5Vg2X5YW2lM3OC7nD,0.0,11,0.357,-5.377,1,0.123,120.009,4,https://api.spotify.com/v1/tracks/2Gmyw5Vg2X5YW2lM3OC7nD,audio_features,spotify:track:2Gmyw5Vg2X5YW2lM3OC7nD,0.487
17,18,Neko,DISH//,870684,https://open.spotify.com/track/3NP2nqAgMELIV3MAhrFNMx,0.113,https://api.spotify.com/v1/audio-analysis/3NP2nqAgMELIV3MAhrFNMx,0.505,276040,0.769,3NP2nqAgMELIV3MAhrFNMx,0.0,3,0.0828,-5.326,1,0.0363,154.046,4,https://api.spotify.com/v1/tracks/3NP2nqAgMELIV3MAhrFNMx,audio_features,spotify:track:3NP2nqAgMELIV3MAhrFNMx,0.537
18,19,ハルジオン,YOASOBI,856947,https://open.spotify.com/track/7HneEBTvTra2CRYsxgMOAi,0.0591,https://api.spotify.com/v1/audio-analysis/7HneEBTvTra2CRYsxgMOAi,0.686,198000,0.902,7HneEBTvTra2CRYsxgMOAi,0.0,0,0.333,-2.657,0,0.034,130.02,4,https://api.spotify.com/v1/tracks/7HneEBTvTra2CRYsxgMOAi,audio_features,spotify:track:7HneEBTvTra2CRYsxgMOAi,0.901
19,20,Shukumei,Official HIGE DANdism,850755,https://open.spotify.com/track/0XaHPBAzPAC5ubwcRBqc1p,0.0152,https://api.spotify.com/v1/audio-analysis/0XaHPBAzPAC5ubwcRBqc1p,0.547,280856,0.577,0XaHPBAzPAC5ubwcRBqc1p,0.0,5,0.109,-6.087,1,0.0336,164.032,4,https://api.spotify.com/v1/tracks/0XaHPBAzPAC5ubwcRBqc1p,audio_features,spotify:track:0XaHPBAzPAC5ubwcRBqc1p,0.494
20,21,点描の唄,Mrs. GREEN APPLE,824725,https://open.spotify.com/track/1sIIlVrnPhrvmTrHtzM7tV,0.447,https://api.spotify.com/v1/audio-analysis/1sIIlVrnPhrvmTrHtzM7tV,0.502,307067,0.632,1sIIlVrnPhrvmTrHtzM7tV,0.0,0,0.103,-4.612,1,0.0273,152.014,4,https://api.spotify.com/v1/tracks/1sIIlVrnPhrvmTrHtzM7tV,audio_features,spotify:track:1sIIlVrnPhrvmTrHtzM7tV,0.308
21,22,Lovesick Girls,BLACKPINK,824577,https://open.spotify.com/track/4Ws314Ylb27BVsvlZOy30C,0.00668,https://api.spotify.com/v1/audio-analysis/4Ws314Ylb27BVsvlZOy30C,0.658,192760,0.733,4Ws314Ylb27BVsvlZOy30C,0.0,6,0.118,-4.756,1,0.0586,127.977,4,https://api.spotify.com/v1/tracks/4Ws314Ylb27BVsvlZOy30C,audio_features,spotify:track:4Ws314Ylb27BVsvlZOy30C,0.464
22,23,不可幸力,Vaundy,822783,https://open.spotify.com/track/65e5PmFI3cqoLEJYF3TfCG,0.0157,https://api.spotify.com/v1/audio-analysis/65e5PmFI3cqoLEJYF3TfCG,0.69,200243,0.815,65e5PmFI3cqoLEJYF3TfCG,2.85e-06,11,0.0636,-5.227,0,0.0426,94.032,4,https://api.spotify.com/v1/tracks/65e5PmFI3cqoLEJYF3TfCG,audio_features,spotify:track:65e5PmFI3cqoLEJYF3TfCG,0.613
23,24,Stay Gold,BTS,819553,https://open.spotify.com/track/3Ys2PYl1wyPKQIwyqhP9cQ,0.0892,https://api.spotify.com/v1/audio-analysis/3Ys2PYl1wyPKQIwyqhP9cQ,0.723,243267,0.634,3Ys2PYl1wyPKQIwyqhP9cQ,0.0,1,0.0787,-5.415,1,0.0542,129.017,4,https://api.spotify.com/v1/tracks/3Ys2PYl1wyPKQIwyqhP9cQ,audio_features,spotify:track:3Ys2PYl1wyPKQIwyqhP9cQ,0.582
24,25,Machigaisagashi,Masaki Suda,815621,https://open.spotify.com/track/4Jj31lihp5Nvdi4lFRjrqc,0.52,https://api.spotify.com/v1/audio-analysis/4Jj31lihp5Nvdi4lFRjrqc,0.534,223640,0.642,4Jj31lihp5Nvdi4lFRjrqc,0.0,2,0.39,-5.568,1,0.0372,155.916,4,https://api.spotify.com/v1/tracks/4Jj31lihp5Nvdi4lFRjrqc,audio_features,spotify:track:4Jj31lihp5Nvdi4lFRjrqc,0.443
25,26,マリーゴールド,Aimyon,811432,https://open.spotify.com/track/2cKiHG16JBiqHdi7Llq0r7,0.0452,https://api.spotify.com/v1/audio-analysis/2cKiHG16JBiqHdi7Llq0r7,0.545,306627,0.745,2cKiHG16JBiqHdi7Llq0r7,0.0,2,0.0907,-3.098,1,0.0286,106.094,4,https://api.spotify.com/v1/tracks/2cKiHG16JBiqHdi7Llq0r7,audio_features,spotify:track:2cKiHG16JBiqHdi7Llq0r7,0.413
26,27,ただ君に晴れ,ヨルシカ,809184,https://open.spotify.com/track/3wJHCry960drNlAUGrJLmz,0.343,https://api.spotify.com/v1/audio-analysis/3wJHCry960drNlAUGrJLmz,0.679,198971,0.834,3wJHCry960drNlAUGrJLmz,5.74e-06,5,0.119,-3.223,1,0.032,139.996,4,https://api.spotify.com/v1/tracks/3wJHCry960drNlAUGrJLmz,audio_features,spotify:track:3wJHCry960drNlAUGrJLmz,0.962
27,28,Lemon,Kenshi Yonezu,777912,https://open.spotify.com/track/4rvtqOGyTPZJwWtVTNdZbu,0.304,https://api.spotify.com/v1/audio-analysis/4rvtqOGyTPZJwWtVTNdZbu,0.525,255827,0.646,4rvtqOGyTPZJwWtVTNdZbu,0.0,11,0.297,-4.963,1,0.0268,86.957,4,https://api.spotify.com/v1/tracks/4rvtqOGyTPZJwWtVTNdZbu,audio_features,spotify:track:4rvtqOGyTPZJwWtVTNdZbu,0.373
28,29,Yesterday,Official HIGE DANdism,777331,https://open.spotify.com/track/1kMlcLyljkrShV0LSdSGBz,0.0442,https://api.spotify.com/v1/audio-analysis/1kMlcLyljkrShV0LSdSGBz,0.541,299164,0.8,1kMlcLyljkrShV0LSdSGBz,0.0,6,0.398,-3.687,1,0.0382,129.939,4,https://api.spotify.com/v1/tracks/1kMlcLyljkrShV0LSdSGBz,audio_features,spotify:track:1kMlcLyljkrShV0LSdSGBz,0.56
29,30,Ice Cream (with Selena Gomez),BLACKPINK,769852,https://open.spotify.com/track/4JUPEh2DVSXFGExu4Uxevz,0.0374,https://api.spotify.com/v1/audio-analysis/4JUPEh2DVSXFGExu4Uxevz,0.785,175813,0.719,4JUPEh2DVSXFGExu4Uxevz,0.000108,4,0.0519,-3.886,1,0.354,159.953,4,https://api.spotify.com/v1/tracks/4JUPEh2DVSXFGExu4Uxevz,audio_features,spotify:track:4JUPEh2DVSXFGExu4Uxevz,0.887
30,31,Gurenge,LiSA,758208,https://open.spotify.com/track/23DbzwNJSLo7nkSWjODMvY,0.00339,https://api.spotify.com/v1/audio-analysis/23DbzwNJSLo7nkSWjODMvY,0.545,238587,0.979,23DbzwNJSLo7nkSWjODMvY,0.000118,4,0.0775,-2.8,0,0.153,135.002,4,https://api.spotify.com/v1/tracks/23DbzwNJSLo7nkSWjODMvY,audio_features,spotify:track:23DbzwNJSLo7nkSWjODMvY,0.309
31,32,Myra,Tani Yuuki,748647,https://open.spotify.com/track/5wc4f6crkCzAvwNhoEeMhh,0.71,https://api.spotify.com/v1/audio-analysis/5wc4f6crkCzAvwNhoEeMhh,0.683,255000,0.318,5wc4f6crkCzAvwNhoEeMhh,9.05e-05,0,0.167,-13.335,1,0.0349,144.027,4,https://api.spotify.com/v1/tracks/5wc4f6crkCzAvwNhoEeMhh,audio_features,spotify:track:5wc4f6crkCzAvwNhoEeMhh,0.587
32,33,ハルノヒ,Aimyon,746124,https://open.spotify.com/track/1oNeSCt0CMekCyyLo06kFs,0.261,https://api.spotify.com/v1/audio-analysis/1oNeSCt0CMekCyyLo06kFs,0.592,326867,0.672,1oNeSCt0CMekCyyLo06kFs,0.0,9,0.109,-2.447,1,0.0294,106.948,4,https://api.spotify.com/v1/tracks/1oNeSCt0CMekCyyLo06kFs,audio_features,spotify:track:1oNeSCt0CMekCyyLo06kFs,0.523
33,34,青と夏,Mrs. GREEN APPLE,743398,https://open.spotify.com/track/5BC6kr6etk2Y9J62AyI4i3,0.00157,https://api.spotify.com/v1/audio-analysis/5BC6kr6etk2Y9J62AyI4i3,0.31,270027,0.891,5BC6kr6etk2Y9J62AyI4i3,0.0,4,0.284,-1.66,1,0.0469,184.886,4,https://api.spotify.com/v1/tracks/5BC6kr6etk2Y9J62AyI4i3,audio_features,spotify:track:5BC6kr6etk2Y9J62AyI4i3,0.748
34,35,ノーダウト,Official HIGE DANdism,738237,https://open.spotify.com/track/5DMEvbg3gUmiR5HIBWdveV,0.0585,https://api.spotify.com/v1/audio-analysis/5DMEvbg3gUmiR5HIBWdveV,0.574,202395,0.936,5DMEvbg3gUmiR5HIBWdveV,0.0,2,0.336,-3.185,1,0.0701,149.954,4,https://api.spotify.com/v1/tracks/5DMEvbg3gUmiR5HIBWdveV,audio_features,spotify:track:5DMEvbg3gUmiR5HIBWdveV,0.792
35,36,僕のこと,Mrs. GREEN APPLE,733571,https://open.spotify.com/track/0tnhoHUrHfcLi9hPknUFZ4,0.0129,https://api.spotify.com/v1/audio-analysis/0tnhoHUrHfcLi9hPknUFZ4,0.439,321307,0.708,0tnhoHUrHfcLi9hPknUFZ4,0.0,7,0.147,-3.825,1,0.0528,160.027,4,https://api.spotify.com/v1/tracks/0tnhoHUrHfcLi9hPknUFZ4,audio_features,spotify:track:0tnhoHUrHfcLi9hPknUFZ4,0.454
36,37,花に亡霊,ヨルシカ,731531,https://open.spotify.com/track/3FUqp10RhCmMjyyB9extmo,0.573,https://api.spotify.com/v1/audio-analysis/3FUqp10RhCmMjyyB9extmo,0.646,241227,0.45,3FUqp10RhCmMjyyB9extmo,0.0,4,0.0768,-6.628,1,0.0482,90.01,4,https://api.spotify.com/v1/tracks/3FUqp10RhCmMjyyB9extmo,audio_features,spotify:track:3FUqp10RhCmMjyyB9extmo,0.413
37,38,ぎゅっと。,もさを。,709265,https://open.spotify.com/track/6nqfKM9JvQIiuAuzWZFvGW,0.814,https://api.spotify.com/v1/audio-analysis/6nqfKM9JvQIiuAuzWZFvGW,0.773,269747,0.363,6nqfKM9JvQIiuAuzWZFvGW,0.0,4,0.103,-7.304,1,0.0383,119.994,4,https://api.spotify.com/v1/tracks/6nqfKM9JvQIiuAuzWZFvGW,audio_features,spotify:track:6nqfKM9JvQIiuAuzWZFvGW,0.774
38,39,たぶん,YOASOBI,704911,https://open.spotify.com/track/62Lv9WcrfzJqhvYDbilJy3,0.146,https://api.spotify.com/v1/audio-analysis/62Lv9WcrfzJqhvYDbilJy3,0.747,258667,0.666,62Lv9WcrfzJqhvYDbilJy3,0.000912,5,0.0981,-6.395,1,0.0324,90.008,4,https://api.spotify.com/v1/tracks/62Lv9WcrfzJqhvYDbilJy3,audio_features,spotify:track:62Lv9WcrfzJqhvYDbilJy3,0.731
39,40,HELLO,Official HIGE DANdism,702883,https://open.spotify.com/track/2SzXlu48l0sqApK9hBWZtg,0.000764,https://api.spotify.com/v1/audio-analysis/2SzXlu48l0sqApK9hBWZtg,0.526,280453,0.883,2SzXlu48l0sqApK9hBWZtg,0.0,1,0.37,-4.335,0,0.035,126.968,4,https://api.spotify.com/v1/tracks/2SzXlu48l0sqApK9hBWZtg,audio_features,spotify:track:2SzXlu48l0sqApK9hBWZtg,0.538
40,41,パラボラ,Official HIGE DANdism,691892,https://open.spotify.com/track/51JOzfozDdPMKxyEccRltg,0.00175,https://api.spotify.com/v1/audio-analysis/51JOzfozDdPMKxyEccRltg,0.564,301060,0.765,51JOzfozDdPMKxyEccRltg,0.0,0,0.332,-5.484,0,0.0328,124.013,4,https://api.spotify.com/v1/tracks/51JOzfozDdPMKxyEccRltg,audio_features,spotify:track:51JOzfozDdPMKxyEccRltg,0.353
41,42,インフェルノ,Mrs. GREEN APPLE,678692,https://open.spotify.com/track/2vOAHp8PBBFYqvQUWSoITY,0.00894,https://api.spotify.com/v1/audio-analysis/2vOAHp8PBBFYqvQUWSoITY,0.533,211600,0.918,2vOAHp8PBBFYqvQUWSoITY,0.0,4,0.643,-2.095,1,0.0616,92.504,4,https://api.spotify.com/v1/tracks/2vOAHp8PBBFYqvQUWSoITY,audio_features,spotify:track:2vOAHp8PBBFYqvQUWSoITY,0.662
42,43,馬と鹿,Kenshi Yonezu,639826,https://open.spotify.com/track/19op3QHIz9Aq5VdwsASXIz,0.0978,https://api.spotify.com/v1/audio-analysis/19op3QHIz9Aq5VdwsASXIz,0.643,265333,0.447,19op3QHIz9Aq5VdwsASXIz,0.0,3,0.286,-6.411,1,0.0256,91.019,4,https://api.spotify.com/v1/tracks/19op3QHIz9Aq5VdwsASXIz,audio_features,spotify:track:19op3QHIz9Aq5VdwsASXIz,0.676
43,44,未完成,Leo Ieiri,615040,https://open.spotify.com/track/10mmoWFRBG9mlLekSWYzWT,0.163,https://api.spotify.com/v1/audio-analysis/10mmoWFRBG9mlLekSWYzWT,0.66,240547,0.722,10mmoWFRBG9mlLekSWYzWT,0.0,7,0.306,-3.525,1,0.0344,90.116,4,https://api.spotify.com/v1/tracks/10mmoWFRBG9mlLekSWYzWT,audio_features,spotify:track:10mmoWFRBG9mlLekSWYzWT,0.425
44,45,Whenever You Call,ARASHI,606821,https://open.spotify.com/track/4itdOvg6V8hjTOQUeaGHWt,0.038,https://api.spotify.com/v1/audio-analysis/4itdOvg6V8hjTOQUeaGHWt,0.516,193317,0.682,4itdOvg6V8hjTOQUeaGHWt,0.0,0,0.0907,-6.913,1,0.0338,179.862,4,https://api.spotify.com/v1/tracks/4itdOvg6V8hjTOQUeaGHWt,audio_features,spotify:track:4itdOvg6V8hjTOQUeaGHWt,0.121
45,46,Night Diver,三浦春馬,603614,https://open.spotify.com/track/5hcWlcZE9vFMeaFaTjo1Zf,0.0354,https://api.spotify.com/v1/audio-analysis/5hcWlcZE9vFMeaFaTjo1Zf,0.682,203085,0.862,5hcWlcZE9vFMeaFaTjo1Zf,0.0,7,0.341,-4.824,1,0.172,122.975,4,https://api.spotify.com/v1/tracks/5hcWlcZE9vFMeaFaTjo1Zf,audio_features,spotify:track:5hcWlcZE9vFMeaFaTjo1Zf,0.643
46,47,Not Shy,ITZY,587233,https://open.spotify.com/track/4ecVWqbtW6phQGpZMAyqIU,0.155,https://api.spotify.com/v1/audio-analysis/4ecVWqbtW6phQGpZMAyqIU,0.776,177728,0.911,4ecVWqbtW6phQGpZMAyqIU,2.59e-06,2,0.268,-3.08,0,0.131,101.027,4,https://api.spotify.com/v1/tracks/4ecVWqbtW6phQGpZMAyqIU,audio_features,spotify:track:4ecVWqbtW6phQGpZMAyqIU,0.56
47,48,How You Like That,BLACKPINK,580683,https://open.spotify.com/track/4SFknyjLcyTLJFPKD2m96o,0.0375,https://api.spotify.com/v1/audio-analysis/4SFknyjLcyTLJFPKD2m96o,0.812,180947,0.8,4SFknyjLcyTLJFPKD2m96o,0.000112,11,0.0638,-4.282,1,0.077,130.036,4,https://api.spotify.com/v1/tracks/4SFknyjLcyTLJFPKD2m96o,audio_features,spotify:track:4SFknyjLcyTLJFPKD2m96o,0.357
48,49,PLACEBO,Kenshi Yonezu,572715,https://open.spotify.com/track/6MCqARqpbUAGUIvWh8bxaw,0.0714,https://api.spotify.com/v1/audio-analysis/6MCqARqpbUAGUIvWh8bxaw,0.77,240253,0.852,6MCqARqpbUAGUIvWh8bxaw,0.0,6,0.063,-5.564,1,0.0789,113.967,4,https://api.spotify.com/v1/tracks/6MCqARqpbUAGUIvWh8bxaw,audio_features,spotify:track:6MCqARqpbUAGUIvWh8bxaw,0.833
49,50,"Stand by me, Stand by you.",HIRAIDAI,500119,https://open.spotify.com/track/2RbVD1IgXtyQFlLtbthaZ3,0.0892,https://api.spotify.com/v1/audio-analysis/2RbVD1IgXtyQFlLtbthaZ3,0.594,193013,0.568,2RbVD1IgXtyQFlLtbthaZ3,0.0,3,0.0535,-5.423,1,0.0383,161.887,4,https://api.spotify.com/v1/tracks/2RbVD1IgXtyQFlLtbthaZ3,audio_features,spotify:track:2RbVD1IgXtyQFlLtbthaZ3,0.58
50,51,かくれんぼ,優里,467292,https://open.spotify.com/track/0JTjZnuciQH4M3620aMDtZ,0.417,https://api.spotify.com/v1/audio-analysis/0JTjZnuciQH4M3620aMDtZ,0.671,271093,0.505,0JTjZnuciQH4M3620aMDtZ,0.0,9,0.124,-7.575,1,0.0629,156.019,4,https://api.spotify.com/v1/tracks/0JTjZnuciQH4M3620aMDtZ,audio_features,spotify:track:0JTjZnuciQH4M3620aMDtZ,0.311
51,52,Flamingo,Kenshi Yonezu,459083,https://open.spotify.com/track/3DsNdDIj0sJHBuXIlcPPyz,0.165,https://api.spotify.com/v1/audio-analysis/3DsNdDIj0sJHBuXIlcPPyz,0.76,196387,0.668,3DsNdDIj0sJHBuXIlcPPyz,0.0,7,0.0917,-6.0,1,0.0546,114.075,4,https://api.spotify.com/v1/tracks/3DsNdDIj0sJHBuXIlcPPyz,audio_features,spotify:track:3DsNdDIj0sJHBuXIlcPPyz,0.913
52,53,No Regret,wacci,424980,https://open.spotify.com/track/5TIMNeqGc26Ohw0yfcAfGB,0.0303,https://api.spotify.com/v1/audio-analysis/5TIMNeqGc26Ohw0yfcAfGB,0.528,304813,0.617,5TIMNeqGc26Ohw0yfcAfGB,0.0,2,0.334,-5.07,1,0.0263,72.023,4,https://api.spotify.com/v1/tracks/5TIMNeqGc26Ohw0yfcAfGB,audio_features,spotify:track:5TIMNeqGc26Ohw0yfcAfGB,0.497
53,54,アカシア,BUMP OF CHICKEN,424133,https://open.spotify.com/track/0tvPnYDLySJL9g7OHNJeyb,0.0244,https://api.spotify.com/v1/audio-analysis/0tvPnYDLySJL9g7OHNJeyb,0.469,262107,0.929,0tvPnYDLySJL9g7OHNJeyb,0.0,7,0.0574,-2.971,1,0.0339,139.99,4,https://api.spotify.com/v1/tracks/0tvPnYDLySJL9g7OHNJeyb,audio_features,spotify:track:0tvPnYDLySJL9g7OHNJeyb,0.578
54,55,Hug,空音,423547,https://open.spotify.com/track/4cHB6U8fasfxq7XD8uNxuK,0.871,https://api.spotify.com/v1/audio-analysis/4cHB6U8fasfxq7XD8uNxuK,0.727,184728,0.83,4cHB6U8fasfxq7XD8uNxuK,0.0,1,0.0907,-3.129,0,0.164,91.859,4,https://api.spotify.com/v1/tracks/4cHB6U8fasfxq7XD8uNxuK,audio_features,spotify:track:4cHB6U8fasfxq7XD8uNxuK,0.839
55,56,ピースサイン,Kenshi Yonezu,382730,https://open.spotify.com/track/5aHfGUxRec6c41luxkDqhX,0.00221,https://api.spotify.com/v1/audio-analysis/5aHfGUxRec6c41luxkDqhX,0.593,238533,0.935,5aHfGUxRec6c41luxkDqhX,0.0,10,0.315,-3.853,0,0.0684,100.003,4,https://api.spotify.com/v1/tracks/5aHfGUxRec6c41luxkDqhX,audio_features,spotify:track:5aHfGUxRec6c41luxkDqhX,0.618
56,57,Boy With Luv (feat. Halsey),BTS,353471,https://open.spotify.com/track/5KawlOMHjWeUjQtnuRs22c,0.0923,https://api.spotify.com/v1/audio-analysis/5KawlOMHjWeUjQtnuRs22c,0.645,229773,0.862,5KawlOMHjWeUjQtnuRs22c,0.0,11,0.192,-4.757,0,0.0965,119.991,4,https://api.spotify.com/v1/tracks/5KawlOMHjWeUjQtnuRs22c,audio_features,spotify:track:5KawlOMHjWeUjQtnuRs22c,0.798
57,58,夜永唄,神はサイコロを振らない,347803,https://open.spotify.com/track/3wGeCSeMbiFUryh5MZ4iNT,0.525,https://api.spotify.com/v1/audio-analysis/3wGeCSeMbiFUryh5MZ4iNT,0.531,270754,0.487,3wGeCSeMbiFUryh5MZ4iNT,0.0,11,0.0935,-6.744,1,0.0406,134.9,4,https://api.spotify.com/v1/tracks/3wGeCSeMbiFUryh5MZ4iNT,audio_features,spotify:track:3wGeCSeMbiFUryh5MZ4iNT,0.521
58,59,Feel Special,TWICE,340641,https://open.spotify.com/track/2HtcPHFdo7eu4Ilbvb0BVI,0.0296,https://api.spotify.com/v1/audio-analysis/2HtcPHFdo7eu4Ilbvb0BVI,0.709,206867,0.959,2HtcPHFdo7eu4Ilbvb0BVI,0.00188,1,0.107,-1.339,1,0.0603,128.983,4,https://api.spotify.com/v1/tracks/2HtcPHFdo7eu4Ilbvb0BVI,audio_features,spotify:track:2HtcPHFdo7eu4Ilbvb0BVI,0.644
59,60,ロマンチシズム,Mrs. GREEN APPLE,340185,https://open.spotify.com/track/0JcI7OdALbpSFkyKoufRYs,0.0038,https://api.spotify.com/v1/audio-analysis/0JcI7OdALbpSFkyKoufRYs,0.598,213613,0.878,0JcI7OdALbpSFkyKoufRYs,0.0,10,0.0468,-3.144,1,0.0634,125.529,4,https://api.spotify.com/v1/tracks/0JcI7OdALbpSFkyKoufRYs,audio_features,spotify:track:0JcI7OdALbpSFkyKoufRYs,0.901
60,61,Bet You Wanna (feat. Cardi B),BLACKPINK,338883,https://open.spotify.com/track/7iAgNZdotu40NwtoIWJHFe,0.00386,https://api.spotify.com/v1/audio-analysis/7iAgNZdotu40NwtoIWJHFe,0.665,159173,0.674,7iAgNZdotu40NwtoIWJHFe,0.0,7,0.0734,-5.188,1,0.161,111.516,4,https://api.spotify.com/v1/tracks/7iAgNZdotu40NwtoIWJHFe,audio_features,spotify:track:7iAgNZdotu40NwtoIWJHFe,0.702
61,62,君はロックを聴かない,Aimyon,333679,https://open.spotify.com/track/59eluCMn0XbOWqeWQ91FTM,0.00135,https://api.spotify.com/v1/audio-analysis/59eluCMn0XbOWqeWQ91FTM,0.524,246307,0.687,59eluCMn0XbOWqeWQ91FTM,0.0,7,0.169,-4.039,1,0.0267,99.919,4,https://api.spotify.com/v1/tracks/59eluCMn0XbOWqeWQ91FTM,audio_features,spotify:track:59eluCMn0XbOWqeWQ91FTM,0.619
62,63,魔法の絨毯,川崎 鷹也,330064,https://open.spotify.com/track/37IPQgBkvbmH9JR5mlY6a8,0.777,https://api.spotify.com/v1/audio-analysis/37IPQgBkvbmH9JR5mlY6a8,0.514,212018,0.309,37IPQgBkvbmH9JR5mlY6a8,0.0,10,0.121,-6.292,0,0.0534,71.378,4,https://api.spotify.com/v1/tracks/37IPQgBkvbmH9JR5mlY6a8,audio_features,spotify:track:37IPQgBkvbmH9JR5mlY6a8,0.569
63,64,恋人ごっこ,macaroni enpitsu,320746,https://open.spotify.com/track/2SihT7AVMiI2VtaAyVIcnO,0.124,https://api.spotify.com/v1/audio-analysis/2SihT7AVMiI2VtaAyVIcnO,0.438,200219,0.646,2SihT7AVMiI2VtaAyVIcnO,0.0,1,0.0603,-5.301,1,0.0361,102.033,4,https://api.spotify.com/v1/tracks/2SihT7AVMiI2VtaAyVIcnO,audio_features,spotify:track:2SihT7AVMiI2VtaAyVIcnO,0.745
64,65,Sayonara Elegy,Masaki Suda,320710,https://open.spotify.com/track/0QKmcZNAST4GytJYmkN05D,0.00333,https://api.spotify.com/v1/audio-analysis/0QKmcZNAST4GytJYmkN05D,0.466,257067,0.934,0QKmcZNAST4GytJYmkN05D,0.0,1,0.277,-2.739,1,0.0539,154.966,4,https://api.spotify.com/v1/tracks/0QKmcZNAST4GytJYmkN05D,audio_features,spotify:track:0QKmcZNAST4GytJYmkN05D,0.62
65,66,Your eyes tell,BTS,320400,https://open.spotify.com/track/3TZ7NHkMT82AhwuYsd00Hz,0.279,https://api.spotify.com/v1/audio-analysis/3TZ7NHkMT82AhwuYsd00Hz,0.449,245147,0.491,3TZ7NHkMT82AhwuYsd00Hz,0.0,9,0.0654,-6.433,0,0.029,139.923,4,https://api.spotify.com/v1/tracks/3TZ7NHkMT82AhwuYsd00Hz,audio_features,spotify:track:3TZ7NHkMT82AhwuYsd00Hz,0.258
66,67,Savage Love (Laxed – Siren Beat) [BTS Remix],Jawsh 685,313599,https://open.spotify.com/track/4TgxFMOn5yoESW6zCidCXL,0.16,https://api.spotify.com/v1/audio-analysis/4TgxFMOn5yoESW6zCidCXL,0.758,184905,0.598,4TgxFMOn5yoESW6zCidCXL,0.0,0,0.295,-5.695,0,0.0868,149.836,4,https://api.spotify.com/v1/tracks/4TgxFMOn5yoESW6zCidCXL,audio_features,spotify:track:4TgxFMOn5yoESW6zCidCXL,0.658
67,68,きらきら,もさを。,308466,https://open.spotify.com/track/5eXXJJuejAUkggSgIINU1V,0.376,https://api.spotify.com/v1/audio-analysis/5eXXJJuejAUkggSgIINU1V,0.688,180000,0.753,5eXXJJuejAUkggSgIINU1V,0.0,11,0.232,-3.681,1,0.0302,105.016,4,https://api.spotify.com/v1/tracks/5eXXJJuejAUkggSgIINU1V,audio_features,spotify:track:5eXXJJuejAUkggSgIINU1V,0.622
68,69,Holy (feat. Chance The Rapper),Justin Bieber,308145,https://open.spotify.com/track/5u1n1kITHCxxp8twBcZxWy,0.196,https://api.spotify.com/v1/audio-analysis/5u1n1kITHCxxp8twBcZxWy,0.673,212093,0.704,5u1n1kITHCxxp8twBcZxWy,0.0,6,0.0898,-8.056,1,0.36,86.919,4,https://api.spotify.com/v1/tracks/5u1n1kITHCxxp8twBcZxWy,audio_features,spotify:track:5u1n1kITHCxxp8twBcZxWy,0.372
69,70,あの夢をなぞって,YOASOBI,305260,https://open.spotify.com/track/4BE1OloRc9xwjyqA4wFFuN,0.217,https://api.spotify.com/v1/audio-analysis/4BE1OloRc9xwjyqA4wFFuN,0.537,242667,0.793,4BE1OloRc9xwjyqA4wFFuN,0.000361,8,0.143,-3.446,1,0.04,180.029,4,https://api.spotify.com/v1/tracks/4BE1OloRc9xwjyqA4wFFuN,audio_features,spotify:track:4BE1OloRc9xwjyqA4wFFuN,0.73
70,71,高嶺の花子さん,back number,301880,https://open.spotify.com/track/2jdbZGFp8KVTuk0YxDNL4l,0.066,https://api.spotify.com/v1/audio-analysis/2jdbZGFp8KVTuk0YxDNL4l,0.54,294813,0.923,2jdbZGFp8KVTuk0YxDNL4l,0.0,9,0.124,-2.838,1,0.0623,137.977,4,https://api.spotify.com/v1/tracks/2jdbZGFp8KVTuk0YxDNL4l,audio_features,spotify:track:2jdbZGFp8KVTuk0YxDNL4l,0.343
71,72,怪物さん,Ken Hirai,298311,https://open.spotify.com/track/1heN1fuesAqx4WRlQFkCLJ,0.0422,https://api.spotify.com/v1/audio-analysis/1heN1fuesAqx4WRlQFkCLJ,0.8,244926,0.666,1heN1fuesAqx4WRlQFkCLJ,0.0,0,0.13,-5.414,1,0.0495,128.016,4,https://api.spotify.com/v1/tracks/1heN1fuesAqx4WRlQFkCLJ,audio_features,spotify:track:1heN1fuesAqx4WRlQFkCLJ,0.526
72,73,MORE & MORE,TWICE,293275,https://open.spotify.com/track/2bAAj29XGc4h1G4oEGYCmg,0.0312,https://api.spotify.com/v1/audio-analysis/2bAAj29XGc4h1G4oEGYCmg,0.739,199653,0.841,2bAAj29XGc4h1G4oEGYCmg,0.0,5,0.173,-4.162,1,0.06,106.99,4,https://api.spotify.com/v1/tracks/2bAAj29XGc4h1G4oEGYCmg,audio_features,spotify:track:2bAAj29XGc4h1G4oEGYCmg,0.562
73,74,Never Grow Up,CHANMINA,292560,https://open.spotify.com/track/5aDgM8rYPT15CqjkN1EIKq,0.145,https://api.spotify.com/v1/audio-analysis/5aDgM8rYPT15CqjkN1EIKq,0.805,196253,0.858,5aDgM8rYPT15CqjkN1EIKq,2.66e-05,10,0.0686,-4.532,1,0.059,105.021,4,https://api.spotify.com/v1/tracks/5aDgM8rYPT15CqjkN1EIKq,audio_features,spotify:track:5aDgM8rYPT15CqjkN1EIKq,0.483
74,75,まちがいさがし,Kenshi Yonezu,287089,https://open.spotify.com/track/4FidnSkTNEEQLmPpueLPd7,0.628,https://api.spotify.com/v1/audio-analysis/4FidnSkTNEEQLmPpueLPd7,0.511,267453,0.533,4FidnSkTNEEQLmPpueLPd7,0.0,0,0.165,-8.229,1,0.0577,83.183,4,https://api.spotify.com/v1/tracks/4FidnSkTNEEQLmPpueLPd7,audio_features,spotify:track:4FidnSkTNEEQLmPpueLPd7,0.405
75,76,CHILDAYS,BLOOM VASE,285062,https://open.spotify.com/track/1g1AXdio16Yh5SXgPBXcfq,0.389,https://api.spotify.com/v1/audio-analysis/1g1AXdio16Yh5SXgPBXcfq,0.647,190272,0.814,1g1AXdio16Yh5SXgPBXcfq,0.0,2,0.171,-2.57,1,0.0469,78.999,4,https://api.spotify.com/v1/tracks/1g1AXdio16Yh5SXgPBXcfq,audio_features,spotify:track:1g1AXdio16Yh5SXgPBXcfq,0.915
76,77,Mela!,Ryokuoushoku Shakai,278881,https://open.spotify.com/track/6fF4cFFiKsb2T2IFHaXezn,0.0439,https://api.spotify.com/v1/audio-analysis/6fF4cFFiKsb2T2IFHaXezn,0.619,242067,0.941,6fF4cFFiKsb2T2IFHaXezn,1.73e-05,8,0.318,-1.618,1,0.0584,137.967,4,https://api.spotify.com/v1/tracks/6fF4cFFiKsb2T2IFHaXezn,audio_features,spotify:track:6fF4cFFiKsb2T2IFHaXezn,0.624
77,78,us,milet,278429,https://open.spotify.com/track/13KOSEIdzpafSyYCUldj7z,0.044,https://api.spotify.com/v1/audio-analysis/13KOSEIdzpafSyYCUldj7z,0.57,252867,0.778,13KOSEIdzpafSyYCUldj7z,0.0,6,0.131,-4.378,1,0.0386,123.847,4,https://api.spotify.com/v1/tracks/13KOSEIdzpafSyYCUldj7z,audio_features,spotify:track:13KOSEIdzpafSyYCUldj7z,0.168
78,79,第六感,Reol,274667,https://open.spotify.com/track/22sQUmLhT8umlEhQzDrzfJ,0.00893,https://api.spotify.com/v1/audio-analysis/22sQUmLhT8umlEhQzDrzfJ,0.675,191625,0.959,22sQUmLhT8umlEhQzDrzfJ,8.48e-05,7,0.325,-1.754,1,0.0835,134.017,4,https://api.spotify.com/v1/tracks/22sQUmLhT8umlEhQzDrzfJ,audio_features,spotify:track:22sQUmLhT8umlEhQzDrzfJ,0.835
79,80,Wherever you are,ONE OK ROCK,271120,https://open.spotify.com/track/7a7EIFzJLd7lcDRgThMQgm,0.0286,https://api.spotify.com/v1/audio-analysis/7a7EIFzJLd7lcDRgThMQgm,0.379,295600,0.69,7a7EIFzJLd7lcDRgThMQgm,0.0,4,0.335,-4.79,1,0.0549,173.716,4,https://api.spotify.com/v1/tracks/7a7EIFzJLd7lcDRgThMQgm,audio_features,spotify:track:7a7EIFzJLd7lcDRgThMQgm,0.288
80,81,祈り花,HIRAIDAI,270655,https://open.spotify.com/track/5G24eB35Ucu4A8MPKLNV9B,0.202,https://api.spotify.com/v1/audio-analysis/5G24eB35Ucu4A8MPKLNV9B,0.413,263480,0.706,5G24eB35Ucu4A8MPKLNV9B,0.0,8,0.147,-2.416,1,0.0369,87.503,4,https://api.spotify.com/v1/tracks/5G24eB35Ucu4A8MPKLNV9B,audio_features,spotify:track:5G24eB35Ucu4A8MPKLNV9B,0.58
81,82,飛行艇,King Gnu,269470,https://open.spotify.com/track/6Ea33AvEANARkK2QduzhRm,0.0711,https://api.spotify.com/v1/audio-analysis/6Ea33AvEANARkK2QduzhRm,0.475,260893,0.841,6Ea33AvEANARkK2QduzhRm,0.0,1,0.358,-2.94,1,0.0446,79.93,4,https://api.spotify.com/v1/tracks/6Ea33AvEANARkK2QduzhRm,audio_features,spotify:track:6Ea33AvEANARkK2QduzhRm,0.469
82,83,そっけない,RADWIMPS,268693,https://open.spotify.com/track/2ntXQnx4ZUraj1u5Hwqjem,0.594,https://api.spotify.com/v1/audio-analysis/2ntXQnx4ZUraj1u5Hwqjem,0.626,389467,0.399,2ntXQnx4ZUraj1u5Hwqjem,0.0,0,0.101,-7.304,1,0.0363,109.916,4,https://api.spotify.com/v1/tracks/2ntXQnx4ZUraj1u5Hwqjem,audio_features,spotify:track:2ntXQnx4ZUraj1u5Hwqjem,0.184
83,84,だから僕は音楽を辞めた,ヨルシカ,267606,https://open.spotify.com/track/5j7ixaLeGTGSv4DzKs0pCM,0.36,https://api.spotify.com/v1/audio-analysis/5j7ixaLeGTGSv4DzKs0pCM,0.65,242913,0.88,5j7ixaLeGTGSv4DzKs0pCM,0.00369,4,0.23,-5.326,1,0.0283,124.985,4,https://api.spotify.com/v1/tracks/5j7ixaLeGTGSv4DzKs0pCM,audio_features,spotify:track:5j7ixaLeGTGSv4DzKs0pCM,0.921
84,85,秒針を噛む,ZUTOMAYO,266664,https://open.spotify.com/track/4HgsPAX3MmMgIT60hJ4W4U,0.0197,https://api.spotify.com/v1/audio-analysis/4HgsPAX3MmMgIT60hJ4W4U,0.655,260800,0.962,4HgsPAX3MmMgIT60hJ4W4U,5.56e-06,1,0.253,-3.055,0,0.0443,129.902,4,https://api.spotify.com/v1/tracks/4HgsPAX3MmMgIT60hJ4W4U,audio_features,spotify:track:4HgsPAX3MmMgIT60hJ4W4U,0.775
85,86,Fanfare,TWICE,266369,https://open.spotify.com/track/49moLXpCwwantnF78yItWf,0.0302,https://api.spotify.com/v1/audio-analysis/49moLXpCwwantnF78yItWf,0.669,220240,0.956,49moLXpCwwantnF78yItWf,9.78e-06,6,0.0764,-2.49,1,0.126,114.922,4,https://api.spotify.com/v1/tracks/49moLXpCwwantnF78yItWf,audio_features,spotify:track:49moLXpCwwantnF78yItWf,0.81
86,87,ワタリドリ,[Alexandros],265439,https://open.spotify.com/track/0ve9Tpz8Yw0I4eXhWsy21o,0.00141,https://api.spotify.com/v1/audio-analysis/0ve9Tpz8Yw0I4eXhWsy21o,0.508,248707,0.964,0ve9Tpz8Yw0I4eXhWsy21o,0.0,9,0.197,-4.077,1,0.0831,134.982,4,https://api.spotify.com/v1/tracks/0ve9Tpz8Yw0I4eXhWsy21o,audio_features,spotify:track:0ve9Tpz8Yw0I4eXhWsy21o,0.609
87,88,Lovers,sumika,262952,https://open.spotify.com/track/3pwe5YS438tETO53DSfTnl,0.0702,https://api.spotify.com/v1/audio-analysis/3pwe5YS438tETO53DSfTnl,0.608,250800,0.923,3pwe5YS438tETO53DSfTnl,0.0,11,0.298,-2.057,1,0.0305,114.472,4,https://api.spotify.com/v1/tracks/3pwe5YS438tETO53DSfTnl,audio_features,spotify:track:3pwe5YS438tETO53DSfTnl,0.769
88,89,Pretty Savage,BLACKPINK,262864,https://open.spotify.com/track/1XnpzbOGptRwfJhZgLbmSr,0.00657,https://api.spotify.com/v1/audio-analysis/1XnpzbOGptRwfJhZgLbmSr,0.695,199120,0.583,1XnpzbOGptRwfJhZgLbmSr,8.75e-05,9,0.104,-6.575,0,0.0423,152.001,4,https://api.spotify.com/v1/tracks/1XnpzbOGptRwfJhZgLbmSr,audio_features,spotify:track:1XnpzbOGptRwfJhZgLbmSr,0.382
89,90,優しさ,Fujii Kaze,258249,https://open.spotify.com/track/0f3Ce9xjHymExIpEyHUC8D,0.11,https://api.spotify.com/v1/audio-analysis/0f3Ce9xjHymExIpEyHUC8D,0.598,240080,0.706,0f3Ce9xjHymExIpEyHUC8D,0.0,1,0.0925,-6.827,1,0.0491,133.847,4,https://api.spotify.com/v1/tracks/0f3Ce9xjHymExIpEyHUC8D,audio_features,spotify:track:0f3Ce9xjHymExIpEyHUC8D,0.262
90,91,HANABI,Mr.Children,255708,https://open.spotify.com/track/0AU7xhipAm9Saq0k8A9Iua,0.157,https://api.spotify.com/v1/audio-analysis/0AU7xhipAm9Saq0k8A9Iua,0.638,342773,0.766,0AU7xhipAm9Saq0k8A9Iua,0.0,1,0.124,-5.541,1,0.0268,112.005,4,https://api.spotify.com/v1/tracks/0AU7xhipAm9Saq0k8A9Iua,audio_features,spotify:track:0AU7xhipAm9Saq0k8A9Iua,0.595
91,92,Rain On Me (with Ariana Grande),Lady Gaga,254098,https://open.spotify.com/track/7ju97lgwC2rKQ6wwsf9no9,0.021,https://api.spotify.com/v1/audio-analysis/7ju97lgwC2rKQ6wwsf9no9,0.672,182200,0.855,7ju97lgwC2rKQ6wwsf9no9,0.0,9,0.323,-3.764,1,0.0397,123.056,4,https://api.spotify.com/v1/tracks/7ju97lgwC2rKQ6wwsf9no9,audio_features,spotify:track:7ju97lgwC2rKQ6wwsf9no9,0.646
92,93,ON,BTS,251882,https://open.spotify.com/track/2QyuXBcV1LJ2rq01KhreMF,0.118,https://api.spotify.com/v1/audio-analysis/2QyuXBcV1LJ2rq01KhreMF,0.583,246381,0.817,2QyuXBcV1LJ2rq01KhreMF,0.0,9,0.338,-5.146,0,0.0987,105.936,4,https://api.spotify.com/v1/tracks/2QyuXBcV1LJ2rq01KhreMF,audio_features,spotify:track:2QyuXBcV1LJ2rq01KhreMF,0.438
93,94,いつか,Saucy Dog,251097,https://open.spotify.com/track/0v3iUTe5rskRsxbUhboRlT,0.0941,https://api.spotify.com/v1/audio-analysis/0v3iUTe5rskRsxbUhboRlT,0.603,274872,0.509,0v3iUTe5rskRsxbUhboRlT,0.0,7,0.201,-4.535,1,0.0263,79.989,4,https://api.spotify.com/v1/tracks/0v3iUTe5rskRsxbUhboRlT,audio_features,spotify:track:0v3iUTe5rskRsxbUhboRlT,0.445
94,95,あなたがいることで,Uru,248516,https://open.spotify.com/track/6baeV3RT4kpivo327DC3AM,0.683,https://api.spotify.com/v1/audio-analysis/6baeV3RT4kpivo327DC3AM,0.535,316453,0.502,6baeV3RT4kpivo327DC3AM,0.0,7,0.107,-4.953,1,0.0343,147.323,4,https://api.spotify.com/v1/tracks/6baeV3RT4kpivo327DC3AM,audio_features,spotify:track:6baeV3RT4kpivo327DC3AM,0.259
95,96,今夜このまま,Aimyon,244550,https://open.spotify.com/track/6kKvmT4i0Dercz6f3kftg3,0.0254,https://api.spotify.com/v1/audio-analysis/6kKvmT4i0Dercz6f3kftg3,0.441,238093,0.852,6kKvmT4i0Dercz6f3kftg3,0.0,1,0.0862,-3.595,1,0.0383,104.855,4,https://api.spotify.com/v1/tracks/6kKvmT4i0Dercz6f3kftg3,audio_features,spotify:track:6kKvmT4i0Dercz6f3kftg3,0.64
96,97,Crazy Over You,BLACKPINK,243303,https://open.spotify.com/track/7qq0EOPW4RRlqdvMBmdd73,0.0383,https://api.spotify.com/v1/audio-analysis/7qq0EOPW4RRlqdvMBmdd73,0.805,161947,0.66,7qq0EOPW4RRlqdvMBmdd73,8.66e-05,4,0.189,-5.393,1,0.0762,114.951,4,https://api.spotify.com/v1/tracks/7qq0EOPW4RRlqdvMBmdd73,audio_features,spotify:track:7qq0EOPW4RRlqdvMBmdd73,0.545
97,98,366日,HY,242531,https://open.spotify.com/track/22aZD7yaGYfhgCYazL4nbc,0.675,https://api.spotify.com/v1/audio-analysis/22aZD7yaGYfhgCYazL4nbc,0.378,352507,0.426,22aZD7yaGYfhgCYazL4nbc,0.0,8,0.207,-7.314,1,0.0308,152.03,4,https://api.spotify.com/v1/tracks/22aZD7yaGYfhgCYazL4nbc,audio_features,spotify:track:22aZD7yaGYfhgCYazL4nbc,0.184
98,99,ハッピーエンド,back number,242492,https://open.spotify.com/track/0ssEfLe9aqPhMmLXKqBw6J,0.047,https://api.spotify.com/v1/audio-analysis/0ssEfLe9aqPhMmLXKqBw6J,0.359,314147,0.648,0ssEfLe9aqPhMmLXKqBw6J,2.43e-06,6,0.16,-3.36,0,0.0373,78.308,4,https://api.spotify.com/v1/tracks/0ssEfLe9aqPhMmLXKqBw6J,audio_features,spotify:track:0ssEfLe9aqPhMmLXKqBw6J,0.336
99,100,Teenager Forever,King Gnu,237035,https://open.spotify.com/track/1jtBcfrVYDtykjyM66hroR,0.0676,https://api.spotify.com/v1/audio-analysis/1jtBcfrVYDtykjyM66hroR,0.498,189080,0.92,1jtBcfrVYDtykjyM66hroR,0.0,0,0.342,-3.546,1,0.109,114.901,4,https://api.spotify.com/v1/tracks/1jtBcfrVYDtykjyM66hroR,audio_features,spotify:track:1jtBcfrVYDtykjyM66hroR,0.702
100,101,打上花火,DAOKO,235225,https://open.spotify.com/track/4IouQaO9GkaHC7AtMErdSa,0.288,https://api.spotify.com/v1/audio-analysis/4IouQaO9GkaHC7AtMErdSa,0.625,289578,0.668,4IouQaO9GkaHC7AtMErdSa,0.0,6,0.107,-4.315,1,0.0249,95.968,4,https://api.spotify.com/v1/tracks/4IouQaO9GkaHC7AtMErdSa,audio_features,spotify:track:4IouQaO9GkaHC7AtMErdSa,0.292
101,102,Slow & Easy,HIRAIDAI,235161,https://open.spotify.com/track/4b5oBON2DgamONUxvP4JyQ,0.634,https://api.spotify.com/v1/audio-analysis/4b5oBON2DgamONUxvP4JyQ,0.663,215120,0.807,4b5oBON2DgamONUxvP4JyQ,0.0,0,0.0972,-4.229,1,0.0441,77.971,4,https://api.spotify.com/v1/tracks/4b5oBON2DgamONUxvP4JyQ,audio_features,spotify:track:4b5oBON2DgamONUxvP4JyQ,0.767
102,103,Baby I'm a star,NiziU,234225,https://open.spotify.com/track/0MP1URfhXWBOtEmeV32SxU,0.0567,https://api.spotify.com/v1/audio-analysis/0MP1URfhXWBOtEmeV32SxU,0.73,159493,0.985,0MP1URfhXWBOtEmeV32SxU,0.0151,7,0.199,-1.394,1,0.0443,153.921,4,https://api.spotify.com/v1/tracks/0MP1URfhXWBOtEmeV32SxU,audio_features,spotify:track:0MP1URfhXWBOtEmeV32SxU,0.96
103,104,turn over?,Mr.Children,233839,https://open.spotify.com/track/4iLUPXEEu3NfwZLmqmDqwF,0.303,https://api.spotify.com/v1/audio-analysis/4iLUPXEEu3NfwZLmqmDqwF,0.685,205476,0.803,4iLUPXEEu3NfwZLmqmDqwF,4.55e-06,10,0.198,-7.448,0,0.0274,129.978,4,https://api.spotify.com/v1/tracks/4iLUPXEEu3NfwZLmqmDqwF,audio_features,spotify:track:4iLUPXEEu3NfwZLmqmDqwF,0.888
104,105,トリコ,Nissy,227234,https://open.spotify.com/track/7H5uStZMOGpcVw7eW0eyTi,0.0851,https://api.spotify.com/v1/audio-analysis/7H5uStZMOGpcVw7eW0eyTi,0.63,232440,0.8,7H5uStZMOGpcVw7eW0eyTi,0.0,2,0.0618,-3.427,1,0.036,90.02,4,https://api.spotify.com/v1/tracks/7H5uStZMOGpcVw7eW0eyTi,audio_features,spotify:track:7H5uStZMOGpcVw7eW0eyTi,0.717
105,106,Mood (feat. iann dior),24kGoldn,226691,https://open.spotify.com/track/3tjFYV6RSFtuktYl3ZtYcq,0.221,https://api.spotify.com/v1/audio-analysis/3tjFYV6RSFtuktYl3ZtYcq,0.7,140526,0.722,3tjFYV6RSFtuktYl3ZtYcq,0.0,7,0.272,-3.558,0,0.0369,90.989,4,https://api.spotify.com/v1/tracks/3tjFYV6RSFtuktYl3ZtYcq,audio_features,spotify:track:3tjFYV6RSFtuktYl3ZtYcq,0.756
106,107,Love To Hate Me,BLACKPINK,224149,https://open.spotify.com/track/7iKDsPfLT0d5mu2htfMKBZ,0.0368,https://api.spotify.com/v1/audio-analysis/7iKDsPfLT0d5mu2htfMKBZ,0.68,169800,0.656,7iKDsPfLT0d5mu2htfMKBZ,0.0,8,0.101,-4.539,1,0.138,162.177,4,https://api.spotify.com/v1/tracks/7iKDsPfLT0d5mu2htfMKBZ,audio_features,spotify:track:7iKDsPfLT0d5mu2htfMKBZ,0.582
107,108,また逢う日まで,HIRAIDAI,222501,https://open.spotify.com/track/3awymLmIrvn9lkJeFpmRSf,0.776,https://api.spotify.com/v1/audio-analysis/3awymLmIrvn9lkJeFpmRSf,0.472,255027,0.465,3awymLmIrvn9lkJeFpmRSf,0.0,11,0.168,-6.124,1,0.0279,78.007,4,https://api.spotify.com/v1/tracks/3awymLmIrvn9lkJeFpmRSf,audio_features,spotify:track:3awymLmIrvn9lkJeFpmRSf,0.377
108,109,小さな恋のうた,MONGOL800,218930,https://open.spotify.com/track/23atyJacJVHvB9RHBNhr35,0.00203,https://api.spotify.com/v1/audio-analysis/23atyJacJVHvB9RHBNhr35,0.403,222640,0.778,23atyJacJVHvB9RHBNhr35,0.0,11,0.227,-4.856,1,0.0395,115.581,4,https://api.spotify.com/v1/tracks/23atyJacJVHvB9RHBNhr35,audio_features,spotify:track:23atyJacJVHvB9RHBNhr35,0.628
109,110,MAGIC,SEKAI NO OWARI,217265,https://open.spotify.com/track/4qyGU4DyGaRobLMhpZxEMX,0.265,https://api.spotify.com/v1/audio-analysis/4qyGU4DyGaRobLMhpZxEMX,0.364,278825,0.835,4qyGU4DyGaRobLMhpZxEMX,0.00138,7,0.186,-3.709,1,0.0404,174.97,4,https://api.spotify.com/v1/tracks/4qyGU4DyGaRobLMhpZxEMX,audio_features,spotify:track:4qyGU4DyGaRobLMhpZxEMX,0.639
110,111,WANNABE,ITZY,215561,https://open.spotify.com/track/6tCssnvTUREcperDOUTqvA,0.00795,https://api.spotify.com/v1/audio-analysis/6tCssnvTUREcperDOUTqvA,0.809,191242,0.911,6tCssnvTUREcperDOUTqvA,0.000179,6,0.181,-4.41,0,0.0617,122.035,4,https://api.spotify.com/v1/tracks/6tCssnvTUREcperDOUTqvA,audio_features,spotify:track:6tCssnvTUREcperDOUTqvA,0.64
111,112,Prologue,Uru,214417,https://open.spotify.com/track/3LhiOBfTSTjfpwdElYyE8k,0.497,https://api.spotify.com/v1/audio-analysis/3LhiOBfTSTjfpwdElYyE8k,0.568,301747,0.687,3LhiOBfTSTjfpwdElYyE8k,0.0,0,0.09,-5.704,1,0.0501,85.088,4,https://api.spotify.com/v1/tracks/3LhiOBfTSTjfpwdElYyE8k,audio_features,spotify:track:3LhiOBfTSTjfpwdElYyE8k,0.304
112,113,空の青さを知る人よ,Aimyon,213965,https://open.spotify.com/track/6pHcxtpwNOIATrwHCL5WNw,0.184,https://api.spotify.com/v1/audio-analysis/6pHcxtpwNOIATrwHCL5WNw,0.575,304933,0.716,6pHcxtpwNOIATrwHCL5WNw,0.0,7,0.31,-1.97,1,0.033,107.984,4,https://api.spotify.com/v1/tracks/6pHcxtpwNOIATrwHCL5WNw,audio_features,spotify:track:6pHcxtpwNOIATrwHCL5WNw,0.635
113,114,Shape of You,Ed Sheeran,213334,https://open.spotify.com/track/7qiZfU4dY1lWllzX7mPBI3,0.581,https://api.spotify.com/v1/audio-analysis/7qiZfU4dY1lWllzX7mPBI3,0.825,233713,0.652,7qiZfU4dY1lWllzX7mPBI3,0.0,1,0.0931,-3.183,0,0.0802,95.977,4,https://api.spotify.com/v1/tracks/7qiZfU4dY1lWllzX7mPBI3,audio_features,spotify:track:7qiZfU4dY1lWllzX7mPBI3,0.931
114,115,東京フラッシュ,Vaundy,212735,https://open.spotify.com/track/6etVkKF8FAy4jXcSl8jlEO,0.00255,https://api.spotify.com/v1/audio-analysis/6etVkKF8FAy4jXcSl8jlEO,0.628,258859,0.634,6etVkKF8FAy4jXcSl8jlEO,7.24e-06,2,0.0456,-5.508,1,0.0322,97.99,4,https://api.spotify.com/v1/tracks/6etVkKF8FAy4jXcSl8jlEO,audio_features,spotify:track:6etVkKF8FAy4jXcSl8jlEO,0.606
115,116,Wasted Nights,ONE OK ROCK,211862,https://open.spotify.com/track/39LyUQIy7idLxPdsjyZsxe,0.0156,https://api.spotify.com/v1/audio-analysis/39LyUQIy7idLxPdsjyZsxe,0.556,224747,0.833,39LyUQIy7idLxPdsjyZsxe,0.0,5,0.0659,-5.29,1,0.0402,125.07,4,https://api.spotify.com/v1/tracks/39LyUQIy7idLxPdsjyZsxe,audio_features,spotify:track:39LyUQIy7idLxPdsjyZsxe,0.374
116,117,奏(かなで),Sukima Switch,208812,https://open.spotify.com/track/5RbMlPFL4gVyEHW2lEOuzG,0.553,https://api.spotify.com/v1/audio-analysis/5RbMlPFL4gVyEHW2lEOuzG,0.519,328627,0.666,5RbMlPFL4gVyEHW2lEOuzG,0.000169,10,0.0948,-6.163,1,0.0262,149.839,4,https://api.spotify.com/v1/tracks/5RbMlPFL4gVyEHW2lEOuzG,audio_features,spotify:track:5RbMlPFL4gVyEHW2lEOuzG,0.461
117,118,Angel,CHANMINA,208464,https://open.spotify.com/track/3Bkg2Jge2dDowdgpjJTz8N,0.00171,https://api.spotify.com/v1/audio-analysis/3Bkg2Jge2dDowdgpjJTz8N,0.707,190571,0.587,3Bkg2Jge2dDowdgpjJTz8N,0.0265,5,0.185,-6.042,1,0.0354,114.958,4,https://api.spotify.com/v1/tracks/3Bkg2Jge2dDowdgpjJTz8N,audio_features,spotify:track:3Bkg2Jge2dDowdgpjJTz8N,0.68
118,119,Lights,BTS,208079,https://open.spotify.com/track/3TDUktzfYXMWjkWqwoT5F1,0.156,https://api.spotify.com/v1/audio-analysis/3TDUktzfYXMWjkWqwoT5F1,0.608,292853,0.644,3TDUktzfYXMWjkWqwoT5F1,0.0,5,0.124,-5.588,1,0.0314,99.005,4,https://api.spotify.com/v1/tracks/3TDUktzfYXMWjkWqwoT5F1,audio_features,spotify:track:3TDUktzfYXMWjkWqwoT5F1,0.431
119,120,春愁,Mrs. GREEN APPLE,206781,https://open.spotify.com/track/5SHguvOUbyPTINNjCvRo8K,0.0121,https://api.spotify.com/v1/audio-analysis/5SHguvOUbyPTINNjCvRo8K,0.724,183800,0.444,5SHguvOUbyPTINNjCvRo8K,0.0,10,0.123,-4.903,1,0.0412,129.962,4,https://api.spotify.com/v1/tracks/5SHguvOUbyPTINNjCvRo8K,audio_features,spotify:track:5SHguvOUbyPTINNjCvRo8K,0.739
120,121,Stand By You,Official HIGE DANdism,206745,https://open.spotify.com/track/7Ca8EuTCyU3pjJR4TNOXqs,0.00864,https://api.spotify.com/v1/audio-analysis/7Ca8EuTCyU3pjJR4TNOXqs,0.609,256132,0.869,7Ca8EuTCyU3pjJR4TNOXqs,0.0,1,0.283,-5.129,1,0.0422,154.024,4,https://api.spotify.com/v1/tracks/7Ca8EuTCyU3pjJR4TNOXqs,audio_features,spotify:track:7Ca8EuTCyU3pjJR4TNOXqs,0.626
121,122,花束,back number,206702,https://open.spotify.com/track/3QIAwtEEDOrv0g5NKCGrXZ,0.0178,https://api.spotify.com/v1/audio-analysis/3QIAwtEEDOrv0g5NKCGrXZ,0.519,286053,0.713,3QIAwtEEDOrv0g5NKCGrXZ,0.0,2,0.353,-3.612,1,0.0324,159.963,4,https://api.spotify.com/v1/tracks/3QIAwtEEDOrv0g5NKCGrXZ,audio_features,spotify:track:3QIAwtEEDOrv0g5NKCGrXZ,0.505
122,123,僕が君に出来ること,HIRAIDAI,204125,https://open.spotify.com/track/4zYWl3eovDB7WWtbqoZH22,0.748,https://api.spotify.com/v1/audio-analysis/4zYWl3eovDB7WWtbqoZH22,0.823,207547,0.434,4zYWl3eovDB7WWtbqoZH22,0.0,11,0.428,-6.321,1,0.0745,106.06,4,https://api.spotify.com/v1/tracks/4zYWl3eovDB7WWtbqoZH22,audio_features,spotify:track:4zYWl3eovDB7WWtbqoZH22,0.687
123,124,会いたいわ,iri,203331,https://open.spotify.com/track/5g1SvaEtzlKEqre9FbPQEc,0.437,https://api.spotify.com/v1/audio-analysis/5g1SvaEtzlKEqre9FbPQEc,0.744,268320,0.557,5g1SvaEtzlKEqre9FbPQEc,2.25e-06,9,0.0578,-4.776,1,0.0971,144.006,4,https://api.spotify.com/v1/tracks/5g1SvaEtzlKEqre9FbPQEc,audio_features,spotify:track:5g1SvaEtzlKEqre9FbPQEc,0.575
124,125,パプリカ,Kenshi Yonezu,202659,https://open.spotify.com/track/5gZkspRLEDGfqKKKlW0zcv,0.303,https://api.spotify.com/v1/audio-analysis/5gZkspRLEDGfqKKKlW0zcv,0.758,202667,0.554,5gZkspRLEDGfqKKKlW0zcv,0.0,2,0.126,-7.249,1,0.0412,103.003,4,https://api.spotify.com/v1/tracks/5gZkspRLEDGfqKKKlW0zcv,audio_features,spotify:track:5gZkspRLEDGfqKKKlW0zcv,0.459
125,126,Turning Up,ARASHI,201744,https://open.spotify.com/track/4zdQmfTLWgGd5mAX4MUIaX,0.0225,https://api.spotify.com/v1/audio-analysis/4zdQmfTLWgGd5mAX4MUIaX,0.769,182633,0.817,4zdQmfTLWgGd5mAX4MUIaX,1.03e-06,1,0.244,-5.409,1,0.103,118.021,4,https://api.spotify.com/v1/tracks/4zdQmfTLWgGd5mAX4MUIaX,audio_features,spotify:track:4zdQmfTLWgGd5mAX4MUIaX,0.896
126,127,DNA,BTS,201177,https://open.spotify.com/track/5SE57ljOIUJ1ybL9U6CuBH,0.022,https://api.spotify.com/v1/audio-analysis/5SE57ljOIUJ1ybL9U6CuBH,0.598,223123,0.775,5SE57ljOIUJ1ybL9U6CuBH,0.0,1,0.0677,-4.035,0,0.0545,129.819,4,https://api.spotify.com/v1/tracks/5SE57ljOIUJ1ybL9U6CuBH,audio_features,spotify:track:5SE57ljOIUJ1ybL9U6CuBH,0.687
127,128,ICY,ITZY,200828,https://open.spotify.com/track/7zFBtYAVURF3bUVqEQ6UUu,0.0324,https://api.spotify.com/v1/audio-analysis/7zFBtYAVURF3bUVqEQ6UUu,0.801,191142,0.904,7zFBtYAVURF3bUVqEQ6UUu,3.1e-05,2,0.182,-2.819,1,0.0834,124.979,4,https://api.spotify.com/v1/tracks/7zFBtYAVURF3bUVqEQ6UUu,audio_features,spotify:track:7zFBtYAVURF3bUVqEQ6UUu,0.814
128,129,FANCY,TWICE,200565,https://open.spotify.com/track/0W5hTAWn8Tq0Qfhg1XP3YW,0.0122,https://api.spotify.com/v1/audio-analysis/0W5hTAWn8Tq0Qfhg1XP3YW,0.697,213880,0.874,0W5hTAWn8Tq0Qfhg1XP3YW,0.0,5,0.627,-2.15,0,0.045,132.022,4,https://api.spotify.com/v1/tracks/0W5hTAWn8Tq0Qfhg1XP3YW,audio_features,spotify:track:0W5hTAWn8Tq0Qfhg1XP3YW,0.775
129,130,Prince,SANARI,200372,https://open.spotify.com/track/1lZgpaHTGgMh6Nr0ABNyh0,0.224,https://api.spotify.com/v1/audio-analysis/1lZgpaHTGgMh6Nr0ABNyh0,0.802,249660,0.838,1lZgpaHTGgMh6Nr0ABNyh0,0.0,9,0.0852,-5.172,1,0.0512,99.989,4,https://api.spotify.com/v1/tracks/1lZgpaHTGgMh6Nr0ABNyh0,audio_features,spotify:track:1lZgpaHTGgMh6Nr0ABNyh0,0.675
130,131,かつて天才だった俺たちへ,Creepy Nuts,199053,https://open.spotify.com/track/4qjpey2aljl28C40NmTcgQ,0.0567,https://api.spotify.com/v1/audio-analysis/4qjpey2aljl28C40NmTcgQ,0.789,214080,0.893,4qjpey2aljl28C40NmTcgQ,0.0,9,0.0766,-1.74,0,0.0446,105.005,4,https://api.spotify.com/v1/tracks/4qjpey2aljl28C40NmTcgQ,audio_features,spotify:track:4qjpey2aljl28C40NmTcgQ,0.732
131,132,You Never Know,BLACKPINK,198156,https://open.spotify.com/track/39kzWAiVPpycdMpr745oPj,0.248,https://api.spotify.com/v1/audio-analysis/39kzWAiVPpycdMpr745oPj,0.39,229213,0.475,39kzWAiVPpycdMpr745oPj,0.0,5,0.158,-5.489,1,0.0989,72.088,4,https://api.spotify.com/v1/tracks/39kzWAiVPpycdMpr745oPj,audio_features,spotify:track:39kzWAiVPpycdMpr745oPj,0.276
132,133,ブルーベリー・ナイツ,macaroni enpitsu,198138,https://open.spotify.com/track/2UdvMWk0Z83lMJPbawy2Sm,0.278,https://api.spotify.com/v1/audio-analysis/2UdvMWk0Z83lMJPbawy2Sm,0.66,244869,0.865,2UdvMWk0Z83lMJPbawy2Sm,0.0,5,0.0931,-3.642,1,0.0277,106.008,4,https://api.spotify.com/v1/tracks/2UdvMWk0Z83lMJPbawy2Sm,audio_features,spotify:track:2UdvMWk0Z83lMJPbawy2Sm,0.772
133,134,愛をこめて花束を,Superfly,194938,https://open.spotify.com/track/7CmWXD3w1xOO53AAO4LRVQ,0.151,https://api.spotify.com/v1/audio-analysis/7CmWXD3w1xOO53AAO4LRVQ,0.37,295600,0.8,7CmWXD3w1xOO53AAO4LRVQ,3.33e-06,7,0.089,-3.403,1,0.0436,161.934,4,https://api.spotify.com/v1/tracks/7CmWXD3w1xOO53AAO4LRVQ,audio_features,spotify:track:7CmWXD3w1xOO53AAO4LRVQ,0.451
134,135,Sunny drop,Novelbright,194615,https://open.spotify.com/track/02ZsOeVtenrP80YpRPSonZ,0.00071,https://api.spotify.com/v1/audio-analysis/02ZsOeVtenrP80YpRPSonZ,0.497,242333,0.918,02ZsOeVtenrP80YpRPSonZ,0.0,6,0.155,-2.689,1,0.0377,100.024,4,https://api.spotify.com/v1/tracks/02ZsOeVtenrP80YpRPSonZ,audio_features,spotify:track:02ZsOeVtenrP80YpRPSonZ,0.582
135,136,君がくれた夏,Leo Ieiri,194369,https://open.spotify.com/track/6woHdm2NKm0RHbuO7qt4ww,0.31,https://api.spotify.com/v1/audio-analysis/6woHdm2NKm0RHbuO7qt4ww,0.51,258680,0.615,6woHdm2NKm0RHbuO7qt4ww,0.0,1,0.117,-4.207,1,0.0283,169.814,4,https://api.spotify.com/v1/tracks/6woHdm2NKm0RHbuO7qt4ww,audio_features,spotify:track:6woHdm2NKm0RHbuO7qt4ww,0.463
136,137,Negai,sumika,193795,https://open.spotify.com/track/0ophTl8mevsVgtH7V0XV0g,0.0584,https://api.spotify.com/v1/audio-analysis/0ophTl8mevsVgtH7V0XV0g,0.553,310693,0.837,0ophTl8mevsVgtH7V0XV0g,0.0,2,0.101,-5.343,1,0.0296,90.991,4,https://api.spotify.com/v1/tracks/0ophTl8mevsVgtH7V0XV0g,audio_features,spotify:track:0ophTl8mevsVgtH7V0XV0g,0.738
137,138,アイノカタチ,MISIA,193176,https://open.spotify.com/track/76flsS3UnNr7UQIz6JmVT3,0.0241,https://api.spotify.com/v1/audio-analysis/76flsS3UnNr7UQIz6JmVT3,0.379,262693,0.653,76flsS3UnNr7UQIz6JmVT3,0.0,6,0.196,-6.247,1,0.0338,179.964,4,https://api.spotify.com/v1/tracks/76flsS3UnNr7UQIz6JmVT3,audio_features,spotify:track:76flsS3UnNr7UQIz6JmVT3,0.303
138,139,みかんハート,C&K,192952,https://open.spotify.com/track/1H9jJvALjdKH3C3Ol0w765,0.589,https://api.spotify.com/v1/audio-analysis/1H9jJvALjdKH3C3Ol0w765,0.561,336840,0.358,1H9jJvALjdKH3C3Ol0w765,0.0,6,0.117,-6.39,1,0.028,129.029,4,https://api.spotify.com/v1/tracks/1H9jJvALjdKH3C3Ol0w765,audio_features,spotify:track:1H9jJvALjdKH3C3Ol0w765,0.204
139,140,My Boo,Shota Shimizu,192489,https://open.spotify.com/track/2gasr6aemUqZIBBN05EO03,0.307,https://api.spotify.com/v1/audio-analysis/2gasr6aemUqZIBBN05EO03,0.719,270867,0.718,2gasr6aemUqZIBBN05EO03,0.000178,2,0.0846,-4.996,1,0.0316,153.937,4,https://api.spotify.com/v1/tracks/2gasr6aemUqZIBBN05EO03,audio_features,spotify:track:2gasr6aemUqZIBBN05EO03,0.693
140,141,夏夜のマジック,Indigo la End,190608,https://open.spotify.com/track/144pIQC3mpmUkZXMt8fIwb,0.222,https://api.spotify.com/v1/audio-analysis/144pIQC3mpmUkZXMt8fIwb,0.465,305640,0.818,144pIQC3mpmUkZXMt8fIwb,0.0,2,0.216,-3.855,0,0.0385,80.024,4,https://api.spotify.com/v1/tracks/144pIQC3mpmUkZXMt8fIwb,audio_features,spotify:track:144pIQC3mpmUkZXMt8fIwb,0.669
141,142,クリスマスソング,back number,189474,https://open.spotify.com/track/5P8ZvBQoCrujjNcLAxO3Su,0.128,https://api.spotify.com/v1/audio-analysis/5P8ZvBQoCrujjNcLAxO3Su,0.404,340080,0.705,5P8ZvBQoCrujjNcLAxO3Su,0.0,4,0.123,-3.324,1,0.0315,154.02,4,https://api.spotify.com/v1/tracks/5P8ZvBQoCrujjNcLAxO3Su,audio_features,spotify:track:5P8ZvBQoCrujjNcLAxO3Su,0.42
142,143,Kill This Love,BLACKPINK,188802,https://open.spotify.com/track/4pUCKHjJ4Ijewc37rRrvHn,0.32,https://api.spotify.com/v1/audio-analysis/4pUCKHjJ4Ijewc37rRrvHn,0.738,189052,0.861,4pUCKHjJ4Ijewc37rRrvHn,0.00175,2,0.325,-4.141,1,0.237,131.974,4,https://api.spotify.com/v1/tracks/4pUCKHjJ4Ijewc37rRrvHn,audio_features,spotify:track:4pUCKHjJ4Ijewc37rRrvHn,0.58
143,144,全力少年,Sukima Switch,188660,https://open.spotify.com/track/3Ztjw8utVpcrzms1RrsJvR,0.25,https://api.spotify.com/v1/audio-analysis/3Ztjw8utVpcrzms1RrsJvR,0.639,272747,0.79,3Ztjw8utVpcrzms1RrsJvR,0.0,2,0.299,-4.156,1,0.0263,133.948,4,https://api.spotify.com/v1/tracks/3Ztjw8utVpcrzms1RrsJvR,audio_features,spotify:track:3Ztjw8utVpcrzms1RrsJvR,0.733
144,145,カムパネルラ,Kenshi Yonezu,186712,https://open.spotify.com/track/2WI2is2NtH0WTs7zfKNpcE,0.0806,https://api.spotify.com/v1/audio-analysis/2WI2is2NtH0WTs7zfKNpcE,0.448,235720,0.853,2WI2is2NtH0WTs7zfKNpcE,0.0,11,0.0706,-5.661,0,0.164,88.749,3,https://api.spotify.com/v1/tracks/2WI2is2NtH0WTs7zfKNpcE,audio_features,spotify:track:2WI2is2NtH0WTs7zfKNpcE,0.786
145,146,欲望に満ちた青年団,ONE OK ROCK,183126,https://open.spotify.com/track/6D6Pybzey0shI8U9ttRAPx,0.0479,https://api.spotify.com/v1/audio-analysis/6D6Pybzey0shI8U9ttRAPx,0.554,202200,0.752,6D6Pybzey0shI8U9ttRAPx,0.0,11,0.364,-5.473,1,0.0303,87.985,4,https://api.spotify.com/v1/tracks/6D6Pybzey0shI8U9ttRAPx,audio_features,spotify:track:6D6Pybzey0shI8U9ttRAPx,0.694
146,147,愛唄,GReeeeN,182768,https://open.spotify.com/track/7iXHLtPosbHvglVSJ4rxLq,0.0839,https://api.spotify.com/v1/audio-analysis/7iXHLtPosbHvglVSJ4rxLq,0.505,236253,0.791,7iXHLtPosbHvglVSJ4rxLq,0.0,8,0.187,-3.729,1,0.0308,169.964,4,https://api.spotify.com/v1/tracks/7iXHLtPosbHvglVSJ4rxLq,audio_features,spotify:track:7iXHLtPosbHvglVSJ4rxLq,0.425
147,148,天体観測,BUMP OF CHICKEN,180744,https://open.spotify.com/track/3hRRYgBeunE3PTmnzATTS0,0.381,https://api.spotify.com/v1/audio-analysis/3hRRYgBeunE3PTmnzATTS0,0.366,263600,0.949,3hRRYgBeunE3PTmnzATTS0,0.0,1,0.0902,-3.552,1,0.11,164.979,4,https://api.spotify.com/v1/tracks/3hRRYgBeunE3PTmnzATTS0,audio_features,spotify:track:3hRRYgBeunE3PTmnzATTS0,0.467
148,149,달라달라 (DALLA DALLA),ITZY,180560,https://open.spotify.com/track/0GU5GuJQQEnnREO2FxnVPT,0.00116,https://api.spotify.com/v1/audio-analysis/0GU5GuJQQEnnREO2FxnVPT,0.79,199874,0.853,0GU5GuJQQEnnREO2FxnVPT,4.23e-05,11,0.329,-4.564,0,0.0665,124.998,4,https://api.spotify.com/v1/tracks/0GU5GuJQQEnnREO2FxnVPT,audio_features,spotify:track:0GU5GuJQQEnnREO2FxnVPT,0.713
149,150,Dolphin,OH MY GIRL,180142,https://open.spotify.com/track/3NfgdU9mbIVhcJF3XvC0c9,0.171,https://api.spotify.com/v1/audio-analysis/3NfgdU9mbIVhcJF3XvC0c9,0.858,176773,0.68,3NfgdU9mbIVhcJF3XvC0c9,0.0,4,0.173,-4.531,1,0.0795,113.993,4,https://api.spotify.com/v1/tracks/3NfgdU9mbIVhcJF3XvC0c9,audio_features,spotify:track:3NfgdU9mbIVhcJF3XvC0c9,0.621
150,151,Vintage,Official HIGE DANdism,179580,https://open.spotify.com/track/0VJjfALZ6SuIQumrTgF3tJ,0.204,https://api.spotify.com/v1/audio-analysis/0VJjfALZ6SuIQumrTgF3tJ,0.449,252566,0.819,0VJjfALZ6SuIQumrTgF3tJ,0.0,2,0.289,-5.169,1,0.0513,180.019,4,https://api.spotify.com/v1/tracks/0VJjfALZ6SuIQumrTgF3tJ,audio_features,spotify:track:0VJjfALZ6SuIQumrTgF3tJ,0.507
151,152,bad guy,Billie Eilish,179513,https://open.spotify.com/track/2Fxmhks0bxGSBdJ92vM42m,0.328,https://api.spotify.com/v1/audio-analysis/2Fxmhks0bxGSBdJ92vM42m,0.701,194088,0.425,2Fxmhks0bxGSBdJ92vM42m,0.13,7,0.1,-10.965,1,0.375,135.128,4,https://api.spotify.com/v1/tracks/2Fxmhks0bxGSBdJ92vM42m,audio_features,spotify:track:2Fxmhks0bxGSBdJ92vM42m,0.562
152,153,浮気されたけどまだ好きって曲。,りりあ。,178521,https://open.spotify.com/track/5VDFdX4rP5EN3U7UKSZiE7,0.801,https://api.spotify.com/v1/audio-analysis/5VDFdX4rP5EN3U7UKSZiE7,0.621,213333,0.373,5VDFdX4rP5EN3U7UKSZiE7,1.45e-05,1,0.0983,-9.286,1,0.0437,80.924,4,https://api.spotify.com/v1/tracks/5VDFdX4rP5EN3U7UKSZiE7,audio_features,spotify:track:5VDFdX4rP5EN3U7UKSZiE7,0.492
153,154,Route 246,Nogizaka46,177893,https://open.spotify.com/track/7zC66d7FERcogZkgW7lgnq,0.341,https://api.spotify.com/v1/audio-analysis/7zC66d7FERcogZkgW7lgnq,0.73,232332,0.838,7zC66d7FERcogZkgW7lgnq,0.0,7,0.433,-2.959,1,0.0312,124.953,4,https://api.spotify.com/v1/tracks/7zC66d7FERcogZkgW7lgnq,audio_features,spotify:track:7zC66d7FERcogZkgW7lgnq,0.847
154,155,Way Back Home,SHAUN,176896,https://open.spotify.com/track/3NxuezMdSLgt4OwHzBoUhL,0.405,https://api.spotify.com/v1/audio-analysis/3NxuezMdSLgt4OwHzBoUhL,0.745,214137,0.739,3NxuezMdSLgt4OwHzBoUhL,0.000183,10,0.127,-4.591,1,0.0327,99.913,4,https://api.spotify.com/v1/tracks/3NxuezMdSLgt4OwHzBoUhL,audio_features,spotify:track:3NxuezMdSLgt4OwHzBoUhL,0.556
155,156,コイワズライ,Aimer,176879,https://open.spotify.com/track/5v2xgL8y4XI0hi50cU574j,0.297,https://api.spotify.com/v1/audio-analysis/5v2xgL8y4XI0hi50cU574j,0.675,232333,0.499,5v2xgL8y4XI0hi50cU574j,0.0,10,0.337,-5.825,1,0.0258,93.917,4,https://api.spotify.com/v1/tracks/5v2xgL8y4XI0hi50cU574j,audio_features,spotify:track:5v2xgL8y4XI0hi50cU574j,0.775
156,157,眠り姫,SEKAI NO OWARI,175549,https://open.spotify.com/track/45K0qNLo4nltgbQ7c6bfqs,0.169,https://api.spotify.com/v1/audio-analysis/45K0qNLo4nltgbQ7c6bfqs,0.34,326640,0.817,45K0qNLo4nltgbQ7c6bfqs,0.0,10,0.1,-5.226,1,0.0497,96.907,4,https://api.spotify.com/v1/tracks/45K0qNLo4nltgbQ7c6bfqs,audio_features,spotify:track:45K0qNLo4nltgbQ7c6bfqs,0.396
157,158,Mad at Disney,salem ilese,174385,https://open.spotify.com/track/7aGyRfJWtLqgJaZoG9lJhE,0.424,https://api.spotify.com/v1/audio-analysis/7aGyRfJWtLqgJaZoG9lJhE,0.738,136839,0.621,7aGyRfJWtLqgJaZoG9lJhE,7.39e-06,0,0.692,-7.313,1,0.0486,113.968,4,https://api.spotify.com/v1/tracks/7aGyRfJWtLqgJaZoG9lJhE,audio_features,spotify:track:7aGyRfJWtLqgJaZoG9lJhE,0.715
158,159,どろん,King Gnu,173621,https://open.spotify.com/track/2JY4tbfUERXveQxv6wTFFv,0.303,https://api.spotify.com/v1/audio-analysis/2JY4tbfUERXveQxv6wTFFv,0.579,182853,0.945,2JY4tbfUERXveQxv6wTFFv,0.0,8,0.318,-1.669,1,0.0474,120.057,4,https://api.spotify.com/v1/tracks/2JY4tbfUERXveQxv6wTFFv,audio_features,spotify:track:2JY4tbfUERXveQxv6wTFFv,0.576
159,160,Love so sweet,ARASHI,173064,https://open.spotify.com/track/5I6JLJqnZICLvPebTj2YCm,0.1,https://api.spotify.com/v1/audio-analysis/5I6JLJqnZICLvPebTj2YCm,0.584,289846,0.849,5I6JLJqnZICLvPebTj2YCm,0.0,0,0.304,-3.983,1,0.0403,139.032,4,https://api.spotify.com/v1/tracks/5I6JLJqnZICLvPebTj2YCm,audio_features,spotify:track:5I6JLJqnZICLvPebTj2YCm,0.707
160,161,WAP (feat. Megan Thee Stallion),Cardi B,171449,https://open.spotify.com/track/4Oun2ylbjFKMPTiaSbbCih,0.0194,https://api.spotify.com/v1/audio-analysis/4Oun2ylbjFKMPTiaSbbCih,0.935,187541,0.454,4Oun2ylbjFKMPTiaSbbCih,0.0,1,0.0824,-7.509,1,0.375,133.073,4,https://api.spotify.com/v1/tracks/4Oun2ylbjFKMPTiaSbbCih,audio_features,spotify:track:4Oun2ylbjFKMPTiaSbbCih,0.357
161,162,Savage Love (Laxed - Siren Beat),Jawsh 685,171202,https://open.spotify.com/track/1xQ6trAsedVPCdbtDAmk0c,0.234,https://api.spotify.com/v1/audio-analysis/1xQ6trAsedVPCdbtDAmk0c,0.767,171375,0.481,1xQ6trAsedVPCdbtDAmk0c,0.0,0,0.269,-8.52,0,0.0803,150.076,4,https://api.spotify.com/v1/tracks/1xQ6trAsedVPCdbtDAmk0c,audio_features,spotify:track:1xQ6trAsedVPCdbtDAmk0c,0.761
162,163,可愛い君が愛おしい!,Sui,171038,https://open.spotify.com/track/6JmTrd6VvMOWZFBk439e28,0.000228,https://api.spotify.com/v1/audio-analysis/6JmTrd6VvMOWZFBk439e28,0.426,152440,0.859,6JmTrd6VvMOWZFBk439e28,0.0,1,0.305,-3.066,0,0.0603,91.902,4,https://api.spotify.com/v1/tracks/6JmTrd6VvMOWZFBk439e28,audio_features,spotify:track:6JmTrd6VvMOWZFBk439e28,0.66
163,164,Wonder,Shawn Mendes,170877,https://open.spotify.com/track/5KCbr5ndeby4y4ggthdiAb,0.131,https://api.spotify.com/v1/audio-analysis/5KCbr5ndeby4y4ggthdiAb,0.333,172693,0.637,5KCbr5ndeby4y4ggthdiAb,1.8e-05,1,0.149,-4.904,0,0.0581,139.898,4,https://api.spotify.com/v1/tracks/5KCbr5ndeby4y4ggthdiAb,audio_features,spotify:track:5KCbr5ndeby4y4ggthdiAb,0.132
164,165,Boom Boom Boom,NiziU,168805,https://open.spotify.com/track/5SvmqYmtWdOffFcYg21IhJ,0.0197,https://api.spotify.com/v1/audio-analysis/5SvmqYmtWdOffFcYg21IhJ,0.758,201439,0.969,5SvmqYmtWdOffFcYg21IhJ,0.144,6,0.0358,-1.84,0,0.0465,121.0,4,https://api.spotify.com/v1/tracks/5SvmqYmtWdOffFcYg21IhJ,audio_features,spotify:track:5SvmqYmtWdOffFcYg21IhJ,0.748
165,166,新宝島,Sakanaction,166733,https://open.spotify.com/track/6ODZT1FGTE2q4two05giS1,0.00118,https://api.spotify.com/v1/audio-analysis/6ODZT1FGTE2q4two05giS1,0.557,302493,0.917,6ODZT1FGTE2q4two05giS1,0.00914,7,0.419,-3.426,0,0.0757,158.0,4,https://api.spotify.com/v1/tracks/6ODZT1FGTE2q4two05giS1,audio_features,spotify:track:6ODZT1FGTE2q4two05giS1,0.653
166,167,虹の向こうへ,NiziU,166639,https://open.spotify.com/track/3jKhYB78kmpIxMHQXrDUaj,0.0331,https://api.spotify.com/v1/audio-analysis/3jKhYB78kmpIxMHQXrDUaj,0.786,196555,0.892,3jKhYB78kmpIxMHQXrDUaj,8.95e-06,6,0.09,-2.505,1,0.0944,127.996,4,https://api.spotify.com/v1/tracks/3jKhYB78kmpIxMHQXrDUaj,audio_features,spotify:track:3jKhYB78kmpIxMHQXrDUaj,0.647
167,168,シュガーソングとビターステップ,UNISON SQUARE GARDEN,166218,https://open.spotify.com/track/6bfjEGSR7DyC8MK8cp3ZCp,0.00397,https://api.spotify.com/v1/audio-analysis/6bfjEGSR7DyC8MK8cp3ZCp,0.621,253227,0.9,6bfjEGSR7DyC8MK8cp3ZCp,0.0,11,0.0787,-3.302,1,0.0605,131.971,4,https://api.spotify.com/v1/tracks/6bfjEGSR7DyC8MK8cp3ZCp,audio_features,spotify:track:6bfjEGSR7DyC8MK8cp3ZCp,0.817
168,169,Kabutomushi,aiko,166063,https://open.spotify.com/track/4kRbmjHl6Ncxsmzl4cJdg4,0.111,https://api.spotify.com/v1/audio-analysis/4kRbmjHl6Ncxsmzl4cJdg4,0.5,313067,0.475,4kRbmjHl6Ncxsmzl4cJdg4,0.0,0,0.28,-4.834,0,0.0268,149.096,4,https://api.spotify.com/v1/tracks/4kRbmjHl6Ncxsmzl4cJdg4,audio_features,spotify:track:4kRbmjHl6Ncxsmzl4cJdg4,0.255
169,170,WanteD! WanteD!,Mrs. GREEN APPLE,165925,https://open.spotify.com/track/7M3TZDUNvaNBo0qtWVaZif,0.025,https://api.spotify.com/v1/audio-analysis/7M3TZDUNvaNBo0qtWVaZif,0.559,217387,0.806,7M3TZDUNvaNBo0qtWVaZif,0.0,0,0.0433,-2.461,1,0.0498,160.019,4,https://api.spotify.com/v1/tracks/7M3TZDUNvaNBo0qtWVaZif,audio_features,spotify:track:7M3TZDUNvaNBo0qtWVaZif,0.632
170,171,Gravity,BUMP OF CHICKEN,165439,https://open.spotify.com/track/15WLZS3pvNj1grj8FsI1tv,0.0238,https://api.spotify.com/v1/audio-analysis/15WLZS3pvNj1grj8FsI1tv,0.577,308454,0.61,15WLZS3pvNj1grj8FsI1tv,0.0,1,0.0773,-7.125,1,0.0371,79.996,4,https://api.spotify.com/v1/tracks/15WLZS3pvNj1grj8FsI1tv,audio_features,spotify:track:15WLZS3pvNj1grj8FsI1tv,0.762
171,172,チェリー,SPITZ,165338,https://open.spotify.com/track/1ihCiJaXRl4f6Sy4LJov5z,0.227,https://api.spotify.com/v1/audio-analysis/1ihCiJaXRl4f6Sy4LJov5z,0.646,259933,0.805,1ihCiJaXRl4f6Sy4LJov5z,1.95e-05,0,0.0901,-3.422,1,0.0292,97.201,4,https://api.spotify.com/v1/tracks/1ihCiJaXRl4f6Sy4LJov5z,audio_features,spotify:track:1ihCiJaXRl4f6Sy4LJov5z,0.748
172,173,Watermelon Sugar,Harry Styles,164571,https://open.spotify.com/track/6UelLqGlWMcVH1E5c4H7lY,0.122,https://api.spotify.com/v1/audio-analysis/6UelLqGlWMcVH1E5c4H7lY,0.548,174000,0.816,6UelLqGlWMcVH1E5c4H7lY,0.0,0,0.335,-4.209,1,0.0465,95.39,4,https://api.spotify.com/v1/tracks/6UelLqGlWMcVH1E5c4H7lY,audio_features,spotify:track:6UelLqGlWMcVH1E5c4H7lY,0.557
173,174,糸,Masaki Suda,164514,https://open.spotify.com/track/6PIvQFdqqyWkEZ1ZEFTuzk,0.457,https://api.spotify.com/v1/audio-analysis/6PIvQFdqqyWkEZ1ZEFTuzk,0.452,202000,0.586,6PIvQFdqqyWkEZ1ZEFTuzk,0.0,8,0.159,-4.557,1,0.0258,144.098,4,https://api.spotify.com/v1/tracks/6PIvQFdqqyWkEZ1ZEFTuzk,audio_features,spotify:track:6PIvQFdqqyWkEZ1ZEFTuzk,0.295
174,175,キセキ,GReeeeN,164024,https://open.spotify.com/track/7ztdl6cnbJgHRdMkKldkts,0.0932,https://api.spotify.com/v1/audio-analysis/7ztdl6cnbJgHRdMkKldkts,0.641,271160,0.618,7ztdl6cnbJgHRdMkKldkts,0.0,0,0.155,-4.269,1,0.0259,90.032,4,https://api.spotify.com/v1/tracks/7ztdl6cnbJgHRdMkKldkts,audio_features,spotify:track:7ztdl6cnbJgHRdMkKldkts,0.338
175,176,Heaven's Drive,(sic)boy,163725,https://open.spotify.com/track/1UkvKT8XNebn2lkkLohuPd,0.0899,https://api.spotify.com/v1/audio-analysis/1UkvKT8XNebn2lkkLohuPd,0.429,214200,0.624,1UkvKT8XNebn2lkkLohuPd,0.0,10,0.276,-5.294,1,0.0804,133.236,5,https://api.spotify.com/v1/tracks/1UkvKT8XNebn2lkkLohuPd,audio_features,spotify:track:1UkvKT8XNebn2lkkLohuPd,0.495
176,177,さよならの今日に,Aimyon,163495,https://open.spotify.com/track/1BMFlDfS1ZLTKhqBGkM6zb,0.0153,https://api.spotify.com/v1/audio-analysis/1BMFlDfS1ZLTKhqBGkM6zb,0.582,341764,0.712,1BMFlDfS1ZLTKhqBGkM6zb,0.0,1,0.0411,-3.437,1,0.0281,102.987,4,https://api.spotify.com/v1/tracks/1BMFlDfS1ZLTKhqBGkM6zb,audio_features,spotify:track:1BMFlDfS1ZLTKhqBGkM6zb,0.505
177,178,Umbrella,King Gnu,163165,https://open.spotify.com/track/3JdeDiWCJW7KFLr58GHrSQ,0.374,https://api.spotify.com/v1/audio-analysis/3JdeDiWCJW7KFLr58GHrSQ,0.709,203213,0.88,3JdeDiWCJW7KFLr58GHrSQ,0.0,10,0.0459,-4.322,1,0.0487,105.084,4,https://api.spotify.com/v1/tracks/3JdeDiWCJW7KFLr58GHrSQ,audio_features,spotify:track:3JdeDiWCJW7KFLr58GHrSQ,0.687
178,179,アイネクライネ,Kenshi Yonezu,162991,https://open.spotify.com/track/45YBVp6zMwQZRbUDcPzmMB,0.0384,https://api.spotify.com/v1/audio-analysis/45YBVp6zMwQZRbUDcPzmMB,0.471,288013,0.868,45YBVp6zMwQZRbUDcPzmMB,0.0,1,0.297,-2.291,1,0.0295,173.969,4,https://api.spotify.com/v1/tracks/45YBVp6zMwQZRbUDcPzmMB,audio_features,spotify:track:45YBVp6zMwQZRbUDcPzmMB,0.811
179,180,Hanataba No Kawari Ni Melody Wo,Shota Shimizu,162793,https://open.spotify.com/track/4jaaMznp3KPllxbmRdiIbx,0.0813,https://api.spotify.com/v1/audio-analysis/4jaaMznp3KPllxbmRdiIbx,0.422,309440,0.483,4jaaMznp3KPllxbmRdiIbx,9.77e-06,8,0.276,-5.344,1,0.0292,129.869,4,https://api.spotify.com/v1/tracks/4jaaMznp3KPllxbmRdiIbx,audio_features,spotify:track:4jaaMznp3KPllxbmRdiIbx,0.286
180,181,LOSER,Kenshi Yonezu,162435,https://open.spotify.com/track/7wa1cHqTRdjXZuqo4iigj1,0.00466,https://api.spotify.com/v1/audio-analysis/7wa1cHqTRdjXZuqo4iigj1,0.679,243813,0.931,7wa1cHqTRdjXZuqo4iigj1,0.0,1,0.0652,-3.74,0,0.0474,121.001,4,https://api.spotify.com/v1/tracks/7wa1cHqTRdjXZuqo4iigj1,audio_features,spotify:track:7wa1cHqTRdjXZuqo4iigj1,0.962
181,182,誰がその鐘を鳴らすのか?,Keyakizaka46,161934,https://open.spotify.com/track/4QhNZY9TnOQ4TFhE87nm38,0.0647,https://api.spotify.com/v1/audio-analysis/4QhNZY9TnOQ4TFhE87nm38,0.371,246467,0.803,4QhNZY9TnOQ4TFhE87nm38,0.0,2,0.111,-4.649,1,0.0805,72.69,4,https://api.spotify.com/v1/tracks/4QhNZY9TnOQ4TFhE87nm38,audio_features,spotify:track:4QhNZY9TnOQ4TFhE87nm38,0.655
182,183,Hug feat. kojikoji (Fantasy club ver.),空音,160396,https://open.spotify.com/track/5035nfb8l177pkVOPgxhc0,0.433,https://api.spotify.com/v1/audio-analysis/5035nfb8l177pkVOPgxhc0,0.785,185333,0.73,5035nfb8l177pkVOPgxhc0,0.0,9,0.149,-4.099,1,0.0731,92.023,4,https://api.spotify.com/v1/tracks/5035nfb8l177pkVOPgxhc0,audio_features,spotify:track:5035nfb8l177pkVOPgxhc0,0.529
183,184,ひまわりの約束,Motohiro Hata,160392,https://open.spotify.com/track/45jGOHwYKgsRYbAJ8DR61d,0.188,https://api.spotify.com/v1/audio-analysis/45jGOHwYKgsRYbAJ8DR61d,0.523,308147,0.445,45jGOHwYKgsRYbAJ8DR61d,0.0,10,0.18,-6.359,1,0.0329,78.957,4,https://api.spotify.com/v1/tracks/45jGOHwYKgsRYbAJ8DR61d,audio_features,spotify:track:45jGOHwYKgsRYbAJ8DR61d,0.336
184,185,I gotta go,GeG,159665,https://open.spotify.com/track/5EBsireOwbvRqFb0md9BDu,0.642,https://api.spotify.com/v1/audio-analysis/5EBsireOwbvRqFb0md9BDu,0.494,312973,0.566,5EBsireOwbvRqFb0md9BDu,0.0,3,0.342,-6.97,1,0.0308,148.01,4,https://api.spotify.com/v1/tracks/5EBsireOwbvRqFb0md9BDu,audio_features,spotify:track:5EBsireOwbvRqFb0md9BDu,0.353
185,186,アイデア,Gen Hoshino,159447,https://open.spotify.com/track/7jgqNMnqAT9FghC1uSYTFF,0.00197,https://api.spotify.com/v1/audio-analysis/7jgqNMnqAT9FghC1uSYTFF,0.478,280667,0.606,7jgqNMnqAT9FghC1uSYTFF,0.0,10,0.33,-4.158,1,0.217,174.208,4,https://api.spotify.com/v1/tracks/7jgqNMnqAT9FghC1uSYTFF,audio_features,spotify:track:7jgqNMnqAT9FghC1uSYTFF,0.638
186,187,ヒロイン,back number,158853,https://open.spotify.com/track/3hBAYbAECEix9raaTq8S3H,0.209,https://api.spotify.com/v1/audio-analysis/3hBAYbAECEix9raaTq8S3H,0.431,269787,0.598,3hBAYbAECEix9raaTq8S3H,0.0,7,0.218,-3.733,1,0.0296,76.18,4,https://api.spotify.com/v1/tracks/3hBAYbAECEix9raaTq8S3H,audio_features,spotify:track:3hBAYbAECEix9raaTq8S3H,0.356
187,188,夢の恋人,ZOOKARADERU,158503,https://open.spotify.com/track/3w5zhSbdLu7UeASMye2Pd4,0.191,https://api.spotify.com/v1/audio-analysis/3w5zhSbdLu7UeASMye2Pd4,0.698,200387,0.684,3w5zhSbdLu7UeASMye2Pd4,9.9e-06,9,0.133,-4.64,1,0.0353,122.025,4,https://api.spotify.com/v1/tracks/3w5zhSbdLu7UeASMye2Pd4,audio_features,spotify:track:3w5zhSbdLu7UeASMye2Pd4,0.557
188,189,夢花火,Novelbright,158224,https://open.spotify.com/track/4CqQqMqOQKuvAUDyTDRvtv,0.0153,https://api.spotify.com/v1/audio-analysis/4CqQqMqOQKuvAUDyTDRvtv,0.481,257667,0.619,4CqQqMqOQKuvAUDyTDRvtv,0.0,6,0.13,-4.289,1,0.0296,80.025,4,https://api.spotify.com/v1/tracks/4CqQqMqOQKuvAUDyTDRvtv,audio_features,spotify:track:4CqQqMqOQKuvAUDyTDRvtv,0.519
189,190,Koushikondou,Yuzu,157800,https://open.spotify.com/track/4LewLSh92SzKMFuiQNFbhL,0.0357,https://api.spotify.com/v1/audio-analysis/4LewLSh92SzKMFuiQNFbhL,0.802,204626,0.691,4LewLSh92SzKMFuiQNFbhL,0.0,9,0.103,-3.489,1,0.0438,128.033,4,https://api.spotify.com/v1/tracks/4LewLSh92SzKMFuiQNFbhL,audio_features,spotify:track:4LewLSh92SzKMFuiQNFbhL,0.916
190,191,FAKE LOVE,BTS,157463,https://open.spotify.com/track/3aW0ds4A4tSQDIp75FqWTo,0.00267,https://api.spotify.com/v1/audio-analysis/3aW0ds4A4tSQDIp75FqWTo,0.557,242334,0.719,3aW0ds4A4tSQDIp75FqWTo,0.0,2,0.306,-4.515,0,0.0372,77.501,4,https://api.spotify.com/v1/tracks/3aW0ds4A4tSQDIp75FqWTo,audio_features,spotify:track:3aW0ds4A4tSQDIp75FqWTo,0.344
191,192,名前の無い歌,Yamazaru,157317,https://open.spotify.com/track/43fEF597yI17Hh9ikhqED2,0.183,https://api.spotify.com/v1/audio-analysis/43fEF597yI17Hh9ikhqED2,0.759,211292,0.841,43fEF597yI17Hh9ikhqED2,0.0,11,0.129,-3.009,1,0.0471,98.077,4,https://api.spotify.com/v1/tracks/43fEF597yI17Hh9ikhqED2,audio_features,spotify:track:43fEF597yI17Hh9ikhqED2,0.68
192,193,"GOOD VIBES ONLY feat. JP THE WAVY, EXILE SHOKICHI",SALU,157099,https://open.spotify.com/track/02qDk0sngobDvg3LUdt9Y0,0.526,https://api.spotify.com/v1/audio-analysis/02qDk0sngobDvg3LUdt9Y0,0.736,201080,0.801,02qDk0sngobDvg3LUdt9Y0,0.0,8,0.112,-5.902,1,0.225,166.169,4,https://api.spotify.com/v1/tracks/02qDk0sngobDvg3LUdt9Y0,audio_features,spotify:track:02qDk0sngobDvg3LUdt9Y0,0.923
193,194,灯火,Vaundy,156390,https://open.spotify.com/track/0YdCBegk4nNMCOeuiY5L0k,0.0418,https://api.spotify.com/v1/audio-analysis/0YdCBegk4nNMCOeuiY5L0k,0.627,178893,0.67,0YdCBegk4nNMCOeuiY5L0k,0.00213,4,0.0818,-6.619,1,0.0368,110.004,4,https://api.spotify.com/v1/tracks/0YdCBegk4nNMCOeuiY5L0k,audio_features,spotify:track:0YdCBegk4nNMCOeuiY5L0k,0.537
194,195,Time Warp,Perfume,156071,https://open.spotify.com/track/28WPVv3qFvP7YfSX8hSuEO,0.00036,https://api.spotify.com/v1/audio-analysis/28WPVv3qFvP7YfSX8hSuEO,0.521,174280,0.968,28WPVv3qFvP7YfSX8hSuEO,0.171,6,0.402,-1.661,0,0.0349,160.055,4,https://api.spotify.com/v1/tracks/28WPVv3qFvP7YfSX8hSuEO,audio_features,spotify:track:28WPVv3qFvP7YfSX8hSuEO,0.834
195,196,2002,Anne-Marie,155808,https://open.spotify.com/track/2BgEsaKNfHUdlh97KmvFyo,0.0372,https://api.spotify.com/v1/audio-analysis/2BgEsaKNfHUdlh97KmvFyo,0.697,186987,0.683,2BgEsaKNfHUdlh97KmvFyo,0.0,1,0.137,-2.881,0,0.117,96.133,4,https://api.spotify.com/v1/tracks/2BgEsaKNfHUdlh97KmvFyo,audio_features,spotify:track:2BgEsaKNfHUdlh97KmvFyo,0.603
196,197,IN THE SUMMER,ARASHI,155483,https://open.spotify.com/track/7ovHL4kRsRy03qG8E93R2k,0.0376,https://api.spotify.com/v1/audio-analysis/7ovHL4kRsRy03qG8E93R2k,0.782,288113,0.758,7ovHL4kRsRy03qG8E93R2k,0.0,0,0.0579,-5.397,1,0.0338,126.002,4,https://api.spotify.com/v1/tracks/7ovHL4kRsRy03qG8E93R2k,audio_features,spotify:track:7ovHL4kRsRy03qG8E93R2k,0.526
197,198,YES or YES,TWICE,155399,https://open.spotify.com/track/0Ll92eLIHWY5gey1ISNMPi,0.0514,https://api.spotify.com/v1/audio-analysis/0Ll92eLIHWY5gey1ISNMPi,0.702,237680,0.913,0Ll92eLIHWY5gey1ISNMPi,3.71e-06,11,0.166,-2.977,1,0.0374,137.982,4,https://api.spotify.com/v1/tracks/0Ll92eLIHWY5gey1ISNMPi,audio_features,spotify:track:0Ll92eLIHWY5gey1ISNMPi,0.735
198,199,Euphoria,BTS,155396,https://open.spotify.com/track/3p6hnejEQYXkiTO1lAzVc0,0.394,https://api.spotify.com/v1/audio-analysis/3p6hnejEQYXkiTO1lAzVc0,0.637,228615,0.799,3p6hnejEQYXkiTO1lAzVc0,0.0,2,0.0921,-4.519,1,0.0338,104.995,4,https://api.spotify.com/v1/tracks/3p6hnejEQYXkiTO1lAzVc0,audio_features,spotify:track:3p6hnejEQYXkiTO1lAzVc0,0.562
199,200,life hack,Vaundy,155298,https://open.spotify.com/track/0oYjbNIJvhu53MJGTgL1ih,0.0233,https://api.spotify.com/v1/audio-analysis/0oYjbNIJvhu53MJGTgL1ih,0.711,226444,0.655,0oYjbNIJvhu53MJGTgL1ih,0.00045,11,0.115,-5.987,0,0.047,90.98,4,https://api.spotify.com/v1/tracks/0oYjbNIJvhu53MJGTgL1ih,audio_features,spotify:track:0oYjbNIJvhu53MJGTgL1ih,0.759
